сценарий,x,оценка,"найдено, %"
все категории −x,0.05,topk,33.75
все категории −x,0.05,mahal,22.75
все категории −x,0.05,iforest,33.0
все категории −x,0.05,combo,29.75
все категории −x,0.05,topk без разложения,25.0
все категории −x,0.1,topk,77.5
все категории −x,0.1,mahal,68.75
все категории −x,0.1,iforest,74.5
все категории −x,0.1,combo,75.0
все категории −x,0.1,topk без разложения,72.25
все категории −x,0.2,topk,98.75
все категории −x,0.2,mahal,97.75
все категории −x,0.2,iforest,98.75
все категории −x,0.2,combo,98.75
все категории −x,0.2,topk без разложения,98.75
все категории −x,0.3,topk,100.0
все категории −x,0.3,mahal,99.75
все категории −x,0.3,iforest,100.0
все категории −x,0.3,combo,100.0
все категории −x,0.3,topk без разложения,100.0
одна категория −x,0.05,topk,4.75
одна категория −x,0.05,mahal,6.75
одна категория −x,0.05,iforest,3.75
одна категория −x,0.05,combo,7.000000000000001
одна категория −x,0.05,topk без разложения,3.25
одна категория −x,0.1,topk,23.75
одна категория −x,0.1,mahal,30.75
одна категория −x,0.1,iforest,19.25
одна категория −x,0.1,combo,28.749999999999996
одна категория −x,0.1,topk без разложения,17.5
одна категория −x,0.2,topk,51.0
одна категория −x,0.2,mahal,51.74999999999999
одна категория −x,0.2,iforest,45.75
одна категория −x,0.2,combo,50.5
одна категория −x,0.2,topk без разложения,43.0
одна категория −x,0.3,topk,77.25
одна категория −x,0.3,mahal,78.75
одна категория −x,0.3,iforest,66.25
одна категория −x,0.3,combo,77.75
одна категория −x,0.3,topk без разложения,72.5
"ЧС: продукты +x/2, маркетплейсы, общепит −x, всего −x/3",0.05,topk,5.5
"ЧС: продукты +x/2, маркетплейсы, общепит −x, всего −x/3",0.05,mahal,8.0
"ЧС: продукты +x/2, маркетплейсы, общепит −x, всего −x/3",0.05,iforest,6.5
"ЧС: продукты +x/2, маркетплейсы, общепит −x, всего −x/3",0.05,combo,7.000000000000001
"ЧС: продукты +x/2, маркетплейсы, общепит −x, всего −x/3",0.05,topk без разложения,3.5000000000000004
"ЧС: продукты +x/2, маркетплейсы, общепит −x, всего −x/3",0.1,topk,31.75
"ЧС: продукты +x/2, маркетплейсы, общепит −x, всего −x/3",0.1,mahal,40.75
"ЧС: продукты +x/2, маркетплейсы, общепит −x, всего −x/3",0.1,iforest,30.5
"ЧС: продукты +x/2, маркетплейсы, общепит −x, всего −x/3",0.1,combo,38.5
"ЧС: продукты +x/2, маркетплейсы, общепит −x, всего −x/3",0.1,topk без разложения,24.75
"ЧС: продукты +x/2, маркетплейсы, общепит −x, всего −x/3",0.2,topk,80.5
"ЧС: продукты +x/2, маркетплейсы, общепит −x, всего −x/3",0.2,mahal,86.0
"ЧС: продукты +x/2, маркетплейсы, общепит −x, всего −x/3",0.2,iforest,76.5
"ЧС: продукты +x/2, маркетплейсы, общепит −x, всего −x/3",0.2,combo,85.0
"ЧС: продукты +x/2, маркетплейсы, общепит −x, всего −x/3",0.2,topk без разложения,73.5
"ЧС: продукты +x/2, маркетплейсы, общепит −x, всего −x/3",0.3,topk,93.0
"ЧС: продукты +x/2, маркетплейсы, общепит −x, всего −x/3",0.3,mahal,96.25
"ЧС: продукты +x/2, маркетплейсы, общепит −x, всего −x/3",0.3,iforest,94.5
"ЧС: продукты +x/2, маркетплейсы, общепит −x, всего −x/3",0.3,combo,95.75
"ЧС: продукты +x/2, маркетплейсы, общепит −x, всего −x/3",0.3,topk без разложения,91.5
весь регион −x,0.05,региональная,75.0
весь регион −x,0.05,topk по z_loc (МО региона),2.105265699908557
весь регион −x,0.05,topk без разложения (МО региона),19.80157630711818
весь регион −x,0.1,региональная,100.0
весь регион −x,0.1,topk по z_loc (МО региона),10.24066000711196
весь регион −x,0.1,topk без разложения (МО региона),64.13516619524853
весь регион −x,0.2,региональная,100.0
весь регион −x,0.2,topk по z_loc (МО региона),17.00519113019113
весь регион −x,0.2,topk без разложения (МО региона),99.29166666666667
весь регион −x,0.3,региональная,100.0
весь регион −x,0.3,topk по z_loc (МО региона),25.794150017768846
весь регион −x,0.3,topk без разложения (МО региона),99.75
