сценарий,x,расходы на жителя,"найдено, %","ложных тревог, %"
все категории −x,0.1,1 (низкие),52.121212121212125,1.3025838137945762
все категории −x,0.1,2,70.76023391812866,0.857449088960343
все категории −x,0.1,3,82.38993710691824,0.9621552277100706
все категории −x,0.1,4,92.90322580645162,1.0254219183935056
все категории −x,0.1,5 (высокие),89.33333333333333,0.8536064874093043
все категории −x,0.2,1 (низкие),99.39393939393939,1.323937646807602
все категории −x,0.2,2,98.0,0.917626973965002
все категории −x,0.2,3,99.37888198757764,0.9625668449197862
все категории −x,0.2,4,100.0,0.9833262077811031
все категории −x,0.2,5 (высокие),98.19277108433735,0.8137044967880086
одна категория −x,0.1,1 (низкие),14.880952380952381,1.3675213675213675
одна категория −x,0.1,2,22.78481012658228,1.0047028644719966
одна категория −x,0.1,3,25.624999999999996,0.8982035928143712
одна категория −x,0.1,4,31.176470588235293,1.050150021431633
одна категория −x,0.1,5 (высокие),54.166666666666664,0.7033248081841432
одна категория −x,0.2,1 (низкие),37.19512195121951,1.3236549957301451
одна категория −x,0.2,2,42.138364779874216,0.9407740004276246
одна категория −x,0.2,3,38.82352941176471,0.9429918559794257
одна категория −x,0.2,4,74.48275862068967,0.9806011511404817
одна категория −x,0.2,5 (высокие),90.12345679012346,0.8130081300813009
