region,month,score,МО,главное,шок,регион,примечание
89,2023-09,2.6832246111195817,13,"Общественное питание -3.0σ, Все категории -2.8σ, Здоровье -2.2σ",True,Ямало-Ненецкий автономный округ,
89,2023-08,2.5349874833134716,13,"Здоровье -2.7σ, Общественное питание -2.6σ, Все категории -2.3σ",True,Ямало-Ненецкий автономный округ,
89,2023-10,2.4382345517054373,13,"Здоровье -2.8σ, Общественное питание -2.4σ, Все категории -2.1σ",True,Ямало-Ненецкий автономный округ,
14,2023-09,2.039035265007814,29,"Здоровье -2.2σ, Общественное питание -2.2σ, Все категории -1.6σ",True,Республика Саха (Якутия),
89,2023-07,1.9764057772218098,13,"Здоровье +2.1σ, Транспорт +2.1σ, Все категории +1.7σ",True,Ямало-Ненецкий автономный округ,
17,2024-01,1.9287498192817183,10,"Продовольствие -2.3σ, Все категории -1.9σ, Маркетплейсы -1.5σ",True,Республика Тыва,"модель не видела января — вероятно, сезонность региона"
89,2024-09,1.9152605007707708,13,"Здоровье -2.4σ, Общественное питание -2.1σ",True,Ямало-Ненецкий автономный округ,
4,2024-01,1.8941369291832844,11,"Все категории -2.6σ, Продовольствие -1.7σ, Маркетплейсы -1.0σ",True,Республика Алтай,"модель не видела января — вероятно, сезонность региона"
41,2023-12,1.762607368909447,9,"Маркетплейсы -2.2σ, Продовольствие +1.9σ",True,Камчатский край,
65,2023-09,1.7608100167601366,16,"Здоровье -1.8σ, Общественное питание -1.7σ, Все категории -1.7σ",True,Сахалинская область,
8,2024-02,1.7587751495527801,5,"Все категории -2.3σ, Здоровье -1.7σ, Продовольствие -1.1σ",True,Республика Калмыкия,
8,2023-07,1.6635111279976826,5,Продовольствие +2.8σ,True,Республика Калмыкия,
86,2023-09,1.6252307971194726,22,"Транспорт -1.8σ, Все категории -1.8σ, Общественное питание -1.3σ",True,Ханты-Мансийский автономный округ — Югра,
41,2024-12,1.5891144737209817,9,Маркетплейсы -2.5σ,True,Камчатский край,
86,2023-07,1.5740570664104716,22,"Транспорт +2.3σ, Продовольствие +1.1σ, Общественное питание +1.1σ",True,Ханты-Мансийский автономный округ — Югра,
41,2024-01,1.55674544089741,9,"Продовольствие -2.2σ, Общественное питание -1.3σ",True,Камчатский край,"модель не видела января — вероятно, сезонность региона"
8,2023-08,1.5522070369385337,5,"Все категории +2.2σ, Продовольствие +1.3σ",True,Республика Калмыкия,
27,2023-09,1.5269194196732776,16,"Общественное питание -1.7σ, Здоровье -1.6σ, Все категории -1.2σ",True,Хабаровский край,
65,2024-01,1.5214878276177444,16,"Общественное питание -1.8σ, Здоровье -1.7σ",True,Сахалинская область,"модель не видела января — вероятно, сезонность региона"
25,2024-08,1.5130614244856273,33,"Маркетплейсы -2.1σ, Продовольствие +1.1σ, Здоровье -1.1σ",True,Приморский край,
51,2023-08,1.5067308602130287,12,"Все категории -1.8σ, Маркетплейсы -1.5σ, Транспорт -1.1σ",True,Мурманская область,
14,2023-12,1.5048611854444187,29,"Все категории +1.8σ, Продовольствие +1.5σ, Маркетплейсы -1.1σ",True,Республика Саха (Якутия),
14,2024-01,1.484553912710869,29,"Продовольствие -2.1σ, Все категории -1.3σ",True,Республика Саха (Якутия),"модель не видела января — вероятно, сезонность региона"
51,2024-05,1.4819873496103233,12,"Транспорт +1.9σ, Маркетплейсы +1.4σ, Здоровье +1.0σ",True,Мурманская область,
14,2024-05,1.4426150936218411,29,"Здоровье -1.8σ, Транспорт -1.4σ, Общественное питание -1.0σ",True,Республика Саха (Якутия),
8,2024-11,1.4396295535818864,5,"Продовольствие -2.1σ, Общественное питание -1.3σ",False,Республика Калмыкия,
14,2023-11,1.434144129569049,29,"Все категории -1.8σ, Продовольствие -1.4σ, Общественное питание -1.0σ",False,Республика Саха (Якутия),
8,2024-04,1.3865325969435467,5,"Продовольствие +2.0σ, Маркетплейсы -1.2σ",False,Республика Калмыкия,
79,2023-12,1.3857119037929113,6,"Все категории +1.9σ, Транспорт +1.1σ",False,Еврейская автономная область,
8,2024-12,1.385248058263382,5,"Здоровье -1.9σ, Все категории -1.1σ",False,Республика Калмыкия,
89,2024-11,1.3748406222658627,13,"Маркетплейсы -1.8σ, Здоровье -1.4σ",False,Ямало-Ненецкий автономный округ,
65,2024-03,1.3735483843396854,16,"Транспорт -1.9σ, Общественное питание -1.2σ",False,Сахалинская область,
65,2024-08,1.3472920644472381,16,"Маркетплейсы -1.9σ, Продовольствие +1.2σ",False,Сахалинская область,
8,2024-10,1.339089910424919,5,"Здоровье -1.6σ, Все категории -1.4σ",False,Республика Калмыкия,
8,2024-09,1.3389555543349598,5,"Здоровье -1.9σ, Все категории +1.1σ",False,Республика Калмыкия,
89,2024-07,1.338489766900209,13,"Здоровье +1.8σ, Маркетплейсы +1.1σ, Общественное питание +1.0σ",False,Ямало-Ненецкий автономный округ,
51,2023-09,1.3381416255474605,12,"Транспорт -1.8σ, Общественное питание -1.1σ, Все категории -1.0σ",False,Мурманская область,
4,2023-08,1.3212353141035025,11,Маркетплейсы +2.0σ,False,Республика Алтай,
39,2024-11,1.3152510214087256,19,Маркетплейсы +2.2σ,False,Калининградская область,
65,2023-12,1.2874651058860027,16,Маркетплейсы -1.9σ,False,Сахалинская область,
89,2024-10,1.2812862718975127,13,"Здоровье -1.4σ, Продовольствие -1.4σ",False,Ямало-Ненецкий автономный округ,
10,2024-02,1.280645490785828,18,"Продовольствие +1.8σ, Все категории +1.2σ",False,Республика Карелия,
17,2023-12,1.2798441234242035,10,"Продовольствие +1.6σ, Все категории +1.2σ",False,Республика Тыва,
65,2024-06,1.2769705045161437,16,"Маркетплейсы +1.8σ, Транспорт -1.2σ",False,Сахалинская область,
47,2024-05,1.268955270553687,18,"Маркетплейсы +1.4σ, Транспорт +1.2σ, Все категории +1.2σ",False,Ленинградская область,
29,2023-09,1.250479920560075,22,"Продовольствие -1.7σ, Все категории -1.1σ",False,Архангельская область,
4,2024-08,1.2418891701303434,11,"Маркетплейсы +1.6σ, Все категории +1.2σ",False,Республика Алтай,
11,2023-09,1.2377793062081206,20,"Все категории -1.6σ, Продовольствие -1.1σ",False,Республика Коми,
41,2023-07,1.2336880802756434,9,"Здоровье +1.5σ, Маркетплейсы +1.1σ, Все категории +1.0σ",False,Камчатский край,
9,2024-03,1.2224052245472166,8,Общественное питание -1.9σ,False,Карачаево-Черкесская Республика,
89,2024-06,1.2221429037394547,13,"Здоровье +1.5σ, Продовольствие +1.1σ, Все категории +1.0σ",False,Ямало-Ненецкий автономный округ,
14,2023-07,1.2221145454421762,29,"Здоровье +1.5σ, Общественное питание +1.2σ",False,Республика Саха (Якутия),
15,2023-07,1.2163563189754196,7,"Все категории +1.6σ, Маркетплейсы +1.2σ",False,Республика Северная Осетия — Алания,
65,2023-11,1.207301588806338,16,"Здоровье -1.5σ, Общественное питание -1.1σ",False,Сахалинская область,
41,2024-02,1.1990505006467136,9,Маркетплейсы -1.8σ,False,Камчатский край,
41,2024-08,1.1952167167816363,9,"Продовольствие +1.5σ, Транспорт +1.1σ",False,Камчатский край,
4,2024-03,1.1924544723770925,11,"Продовольствие +1.6σ, Маркетплейсы -1.1σ",False,Республика Алтай,
15,2023-08,1.1821370266826818,7,"Продовольствие +1.2σ, Транспорт +1.2σ, Общественное питание +1.1σ",False,Республика Северная Осетия — Алания,
4,2024-11,1.177162275026143,11,"Маркетплейсы -1.3σ, Все категории -1.3σ",False,Республика Алтай,
28,2024-03,1.1620060135062802,19,"Все категории +1.3σ, Продовольствие +1.2σ",False,Амурская область,
65,2023-08,1.1611465715880482,16,"Все категории -1.4σ, Здоровье -1.1σ",False,Сахалинская область,
51,2024-11,1.1542505499985634,12,Транспорт -1.7σ,False,Мурманская область,
26,2023-08,1.1505991138593268,33,"Продовольствие +1.3σ, Все категории +1.1σ, Транспорт +1.0σ",False,Ставропольский край,
15,2023-12,1.1505215135880267,7,Маркетплейсы +1.8σ,False,Республика Северная Осетия — Алания,
9,2024-01,1.1448128536731008,8,"Маркетплейсы +1.6σ, Здоровье +1.0σ",False,Карачаево-Черкесская Республика,"модель не видела января — вероятно, сезонность региона"
86,2023-12,1.1406648398858619,22,"Здоровье -1.6σ, Транспорт +1.0σ",False,Ханты-Мансийский автономный округ — Югра,
15,2023-11,1.1405118982655262,7,"Все категории +1.3σ, Маркетплейсы +1.0σ, Здоровье -1.0σ",False,Республика Северная Осетия — Алания,
89,2023-11,1.1386030817208057,13,"Все категории -1.5σ, Здоровье -1.2σ",False,Ямало-Ненецкий автономный округ,
75,2023-12,1.127397070156081,28,"Продовольствие +1.5σ, Все категории +1.3σ",False,Забайкальский край,
4,2024-05,1.1245350788531188,11,"Все категории +1.3σ, Маркетплейсы +1.1σ",False,Республика Алтай,
17,2024-09,1.1197089925073267,10,"Транспорт +1.5σ, Продовольствие -1.1σ",False,Республика Тыва,
17,2024-02,1.1183760335137778,10,Продовольствие +1.4σ,False,Республика Тыва,
9,2024-12,1.11328849527209,8,Общественное питание +1.9σ,False,Карачаево-Черкесская Республика,
14,2024-09,1.1117093012854522,29,"Общественное питание -1.4σ, Здоровье -1.2σ",False,Республика Саха (Якутия),
30,2024-05,1.1102862674424685,11,Транспорт -1.5σ,False,Астраханская область,
15,2023-09,1.1067201380716498,7,Маркетплейсы +1.6σ,False,Республика Северная Осетия — Алания,
41,2023-09,1.105569853051383,9,Здоровье -1.7σ,False,Камчатский край,
86,2023-08,1.0882254208928954,22,"Все категории -1.2σ, Здоровье -1.1σ",False,Ханты-Мансийский автономный округ — Югра,
79,2024-06,1.0866957911650825,6,Транспорт -1.4σ,False,Еврейская автономная область,
17,2023-07,1.081303687103292,10,"Общественное питание -1.4σ, Маркетплейсы -1.0σ",False,Республика Тыва,
4,2024-10,1.0806782231878211,11,Маркетплейсы -1.5σ,False,Республика Алтай,
51,2023-10,1.0714798397945402,12,"Здоровье -1.1σ, Общественное питание -1.1σ, Все категории -1.0σ",False,Мурманская область,
25,2023-12,1.0706872176794875,33,Все категории +1.2σ,False,Приморский край,
65,2023-10,1.0699915975254466,16,"Все категории -1.3σ, Здоровье -1.1σ",False,Сахалинская область,
51,2024-09,1.0669378155780291,12,Все категории +1.4σ,False,Мурманская область,
27,2023-12,1.0519848894522468,16,Все категории +1.2σ,False,Хабаровский край,
79,2024-05,1.0516200268525109,6,Здоровье -1.5σ,False,Еврейская автономная область,
25,2023-08,1.0494263396785914,33,Транспорт -1.5σ,False,Приморский край,
79,2024-02,1.0323317083384431,6,Продовольствие +1.4σ,False,Еврейская автономная область,
75,2023-09,1.0303736914970434,28,"Все категории -1.2σ, Общественное питание -1.2σ",False,Забайкальский край,
35,2024-05,1.0287341668973193,25,Общественное питание +1.6σ,False,Вологодская область,
89,2024-04,1.024140128523733,13,Продовольствие +1.3σ,False,Ямало-Ненецкий автономный округ,
41,2023-11,1.01914357343537,9,"Продовольствие -1.2σ, Здоровье -1.1σ",False,Камчатский край,
41,2024-03,1.018690762188776,9,Продовольствие +1.3σ,False,Камчатский край,
75,2024-01,1.015035929215897,28,"Все категории -1.2σ, Продовольствие -1.0σ",False,Забайкальский край,"модель не видела января — вероятно, сезонность региона"
79,2024-03,1.0150289229158933,6,Транспорт -1.4σ,False,Еврейская автономная область,
65,2024-05,1.0146834907036182,16,Здоровье -1.3σ,False,Сахалинская область,
10,2024-05,1.0098601314390736,18,Все категории +1.2σ,False,Республика Карелия,
17,2023-10,1.0091338683262663,10,"Общественное питание +1.1σ, Здоровье -1.1σ",False,Республика Тыва,
4,2023-07,1.0076066575069995,11,"Транспорт +1.2σ, Все категории +1.0σ",False,Республика Алтай,
17,2024-06,1.0047764920169033,10,"Все категории +1.1σ, Здоровье +1.0σ",False,Республика Тыва,
86,2024-06,0.9906435464021404,22,Продовольствие +1.3σ,False,Ханты-Мансийский автономный округ — Югра,
8,2024-03,0.9905361067974565,5,"Продовольствие +1.2σ, Транспорт +1.1σ",False,Республика Калмыкия,
60,2024-05,0.990249539646435,22,Все категории +1.3σ,False,Псковская область,
51,2024-02,0.9896751004373326,12,Продовольствие +1.5σ,False,Мурманская область,
9,2024-04,0.9870069039500046,8,Здоровье -1.4σ,False,Карачаево-Черкесская Республика,
86,2023-11,0.9838679628388267,22,Все категории -1.4σ,False,Ханты-Мансийский автономный округ — Югра,
41,2024-06,0.983027789968841,9,"Все категории +1.3σ, Маркетплейсы +1.0σ",False,Камчатский край,
4,2024-02,0.9812799927654885,11,Все категории -1.6σ,False,Республика Алтай,
27,2023-11,0.9810274049798616,16,Здоровье -1.0σ,False,Хабаровский край,
4,2024-04,0.9779649319069362,11,Здоровье +1.1σ,False,Республика Алтай,
10,2024-01,0.977028713426227,18,Транспорт -1.5σ,False,Республика Карелия,"модель не видела января — вероятно, сезонность региона"
26,2024-02,0.9731335704939471,33,Здоровье -1.4σ,False,Ставропольский край,
9,2024-07,0.9727863189307469,8,Маркетплейсы +1.4σ,False,Карачаево-Черкесская Республика,
38,2024-11,0.9722719747739346,39,"Маркетплейсы -1.2σ, Все категории -1.0σ",False,Иркутская область,
89,2024-05,0.9706084140183661,13,Транспорт -1.2σ,False,Ямало-Ненецкий автономный округ,
16,2024-01,0.9679210420176393,43,"Все категории +1.3σ, Продовольствие +1.0σ",False,Республика Татарстан,"модель не видела января — вероятно, сезонность региона"
15,2024-05,0.9662639135498209,7,Транспорт -1.0σ,False,Республика Северная Осетия — Алания,
15,2024-03,0.9657922641166999,7,Здоровье -1.3σ,False,Республика Северная Осетия — Алания,
39,2024-09,0.9655819425524105,19,Маркетплейсы +1.6σ,False,Калининградская область,
79,2024-11,0.9649007493522604,6,Здоровье -1.3σ,False,Еврейская автономная область,
41,2023-08,0.9634316994979485,9,Здоровье -1.1σ,False,Камчатский край,
27,2024-08,0.9622670410172213,16,Продовольствие +1.1σ,False,Хабаровский край,
75,2024-03,0.9606829436545379,28,Продовольствие +1.0σ,False,Забайкальский край,
19,2023-11,0.9587655588188461,12,Все категории +1.4σ,False,Республика Хакасия,
50,2024-03,0.9586610643304841,52,Все категории -1.0σ,False,Московская область,
51,2023-12,0.9523769941058198,12,Общественное питание +1.0σ,False,Мурманская область,
14,2024-06,0.9514670896044807,29,Все категории +1.2σ,False,Республика Саха (Якутия),
72,2023-10,0.9495923241353371,24,Все категории +1.4σ,False,Тюменская область,
65,2023-07,0.9474701323591246,16,Продовольствие +1.4σ,False,Сахалинская область,
10,2023-09,0.9430895071925997,18,Продовольствие -1.2σ,False,Республика Карелия,
79,2024-09,0.9422475174668701,6,Маркетплейсы +1.1σ,False,Еврейская автономная область,
17,2024-03,0.9405665525848897,10,,False,Республика Тыва,
8,2023-09,0.9399460237114674,5,Транспорт -1.1σ,False,Республика Калмыкия,
15,2024-12,0.9384210824438529,7,Общественное питание -1.1σ,False,Республика Северная Осетия — Алания,
4,2023-12,0.9353372635625304,11,"Продовольствие +1.1σ, Все категории +1.0σ",False,Республика Алтай,
14,2024-10,0.9333931773531988,29,Маркетплейсы -1.4σ,False,Республика Саха (Якутия),
51,2023-07,0.9327961224525364,12,Маркетплейсы -1.2σ,False,Мурманская область,
9,2024-11,0.9326091746964248,8,Здоровье -1.4σ,False,Карачаево-Черкесская Республика,
14,2024-02,0.9317067397803532,29,Все категории -1.3σ,False,Республика Саха (Якутия),
27,2024-02,0.9261413668540616,16,"Продовольствие +1.0σ, Здоровье -1.0σ",False,Хабаровский край,
9,2024-08,0.9207189120743063,8,Маркетплейсы +1.3σ,False,Карачаево-Черкесская Республика,
11,2023-11,0.9167008031625432,20,Транспорт -1.4σ,False,Республика Коми,
9,2023-08,0.916291134939115,8,Все категории +1.4σ,False,Карачаево-Черкесская Республика,
27,2024-09,0.9125741235957623,16,Продовольствие -1.3σ,False,Хабаровский край,
10,2023-07,0.9120321260413792,18,"Продовольствие +1.0σ, Все категории -1.0σ",False,Республика Карелия,
26,2024-03,0.9119697006598951,33,,False,Ставропольский край,
51,2023-11,0.9039362574215293,12,Все категории -1.2σ,False,Мурманская область,
47,2024-06,0.902366725313986,18,Все категории -1.1σ,False,Ленинградская область,
89,2023-12,0.9008372580843174,13,Маркетплейсы -1.1σ,False,Ямало-Ненецкий автономный округ,
27,2024-03,0.8993974256995685,16,Транспорт -1.4σ,False,Хабаровский край,
79,2023-07,0.8965365959576505,6,Здоровье +1.3σ,False,Еврейская автономная область,
17,2024-08,0.8952895399266753,10,,False,Республика Тыва,
8,2024-08,0.8942312954238214,5,Маркетплейсы +1.4σ,False,Республика Калмыкия,
59,2024-06,0.8934595051804591,42,,False,Пермский край,
18,2024-06,0.8926214115918113,27,"Все категории +1.0σ, Транспорт +1.0σ",False,Удмуртская Республика,
19,2024-09,0.8912561230982291,12,Продовольствие -1.3σ,False,Республика Хакасия,
47,2024-10,0.8892815218968576,18,Здоровье +1.4σ,False,Ленинградская область,
39,2023-11,0.8877178841073126,19,Маркетплейсы +1.2σ,False,Калининградская область,
75,2024-11,0.8873734485085896,28,Все категории -1.3σ,False,Забайкальский край,
17,2024-10,0.8812623704299233,10,Маркетплейсы -1.2σ,False,Республика Тыва,
39,2024-10,0.8786137118605148,19,Маркетплейсы +1.3σ,False,Калининградская область,
16,2023-12,0.8775679047366947,43,,False,Республика Татарстан,
51,2024-08,0.8750125053596511,12,Все категории +1.3σ,False,Мурманская область,
25,2024-06,0.8740771288927627,33,Транспорт -1.1σ,False,Приморский край,
30,2024-04,0.8730147803140336,11,Все категории +1.1σ,False,Астраханская область,
15,2024-09,0.8722068949894183,7,Все категории -1.3σ,False,Республика Северная Осетия — Алания,
19,2024-03,0.8701994132566886,12,Транспорт -1.4σ,False,Республика Хакасия,
38,2024-09,0.8687187617501501,39,Продовольствие -1.2σ,False,Иркутская область,
4,2024-07,0.8684361595471579,11,Маркетплейсы +1.2σ,False,Республика Алтай,
28,2023-12,0.8673570996663051,19,Все категории +1.1σ,False,Амурская область,
79,2024-08,0.8642295340318568,6,,False,Еврейская автономная область,
15,2024-02,0.8642147312595772,7,,False,Республика Северная Осетия — Алания,
26,2024-04,0.8588587390412344,33,Здоровье -1.1σ,False,Ставропольский край,
14,2023-08,0.8582386438821455,29,Продовольствие -1.1σ,False,Республика Саха (Якутия),
51,2024-07,0.857766250672146,12,Маркетплейсы -1.1σ,False,Мурманская область,
50,2024-01,0.8561479100563933,52,Все категории -1.0σ,False,Московская область,"модель не видела января — вероятно, сезонность региона"
11,2024-04,0.8547944496045826,20,,False,Республика Коми,
78,2024-03,0.8520960481687808,98,Транспорт +1.1σ,False,Санкт-Петербург,
65,2024-07,0.8491917081228987,16,Здоровье -1.2σ,False,Сахалинская область,
9,2023-07,0.8470255255123278,8,Здоровье +1.4σ,False,Карачаево-Черкесская Республика,
30,2024-01,0.8379831391004468,11,Все категории -1.0σ,False,Астраханская область,"модель не видела января — вероятно, сезонность региона"
17,2023-08,0.8371193749251111,10,Все категории +1.1σ,False,Республика Тыва,
4,2023-09,0.8360223406284372,11,Транспорт -1.2σ,False,Республика Алтай,
79,2023-11,0.834091720433279,6,,False,Еврейская автономная область,
42,2024-01,0.833255512362156,30,Здоровье +1.1σ,False,Кемеровская область,"модель не видела января — вероятно, сезонность региона"
79,2023-09,0.8323149162748956,6,Все категории -1.1σ,False,Еврейская автономная область,
17,2023-11,0.8317219220138314,10,Транспорт +1.3σ,False,Республика Тыва,
34,2023-08,0.8303160123339846,35,,False,Волгоградская область,
78,2024-01,0.8287791958146398,98,,False,Санкт-Петербург,"модель не видела января — вероятно, сезонность региона"
1,2024-07,0.828568650143608,9,Транспорт -1.1σ,False,Республика Адыгея,
27,2024-06,0.8247880111064109,16,,False,Хабаровский край,
47,2024-11,0.8214319036873053,18,,False,Ленинградская область,
79,2023-08,0.8195123546665245,6,Общественное питание +1.0σ,False,Еврейская автономная область,
86,2024-11,0.818070674415074,22,Здоровье -1.1σ,False,Ханты-Мансийский автономный округ — Югра,
8,2024-07,0.8170030130341289,5,Продовольствие +1.1σ,False,Республика Калмыкия,
86,2024-05,0.8153916153401416,22,Продовольствие -1.1σ,False,Ханты-Мансийский автономный округ — Югра,
30,2024-09,0.8149362310765941,11,Маркетплейсы +1.0σ,False,Астраханская область,
39,2024-03,0.8136629558176774,19,Продовольствие -1.1σ,False,Калининградская область,
27,2024-10,0.8129182172595962,16,Все категории +1.0σ,False,Хабаровский край,
19,2023-12,0.8129091553663921,12,Продовольствие +1.1σ,False,Республика Хакасия,
26,2023-11,0.8117539374815522,33,Все категории +1.0σ,False,Ставропольский край,
15,2024-06,0.8115492948321836,7,,False,Республика Северная Осетия — Алания,
9,2023-12,0.8097928134341488,8,Здоровье +1.1σ,False,Карачаево-Черкесская Республика,
42,2023-12,0.8096333227226203,30,Здоровье -1.3σ,False,Кемеровская область,
14,2024-07,0.8091992756606042,29,Здоровье +1.0σ,False,Республика Саха (Якутия),
19,2023-07,0.8060309574148666,12,Маркетплейсы -1.1σ,False,Республика Хакасия,
41,2023-10,0.8049004436798276,9,Здоровье +1.3σ,False,Камчатский край,
1,2024-05,0.7980492183441487,9,,False,Республика Адыгея,
79,2024-12,0.7979947152989718,6,,False,Еврейская автономная область,
1,2023-07,0.7956268510376135,9,,False,Республика Адыгея,
38,2024-01,0.79411348544831,39,Продовольствие -1.0σ,False,Иркутская область,"модель не видела января — вероятно, сезонность региона"
10,2024-11,0.7934214933387372,18,Транспорт -1.1σ,False,Республика Карелия,
38,2023-12,0.7924996058472381,39,,False,Иркутская область,
48,2024-01,0.7924561493477045,18,Все категории +1.2σ,False,Липецкая область,"модель не видела января — вероятно, сезонность региона"
86,2024-07,0.7923006670053178,22,,False,Ханты-Мансийский автономный округ — Югра,
75,2024-02,0.7921856048127616,28,Все категории -1.2σ,False,Забайкальский край,
15,2024-08,0.7916469876050903,7,Здоровье -1.3σ,False,Республика Северная Осетия — Алания,
41,2024-07,0.788616275666802,9,Здоровье +1.1σ,False,Камчатский край,
25,2024-09,0.7874204248463178,33,Продовольствие -1.1σ,False,Приморский край,
72,2024-07,0.7873317969670085,24,Продовольствие -1.0σ,False,Тюменская область,
10,2024-10,0.7871735260062838,18,Транспорт -1.2σ,False,Республика Карелия,
28,2024-05,0.7865708968326897,19,Общественное питание -1.0σ,False,Амурская область,
51,2024-10,0.7861198311510396,12,Транспорт -1.1σ,False,Мурманская область,
75,2024-04,0.7856761804014286,28,,False,Забайкальский край,
15,2024-10,0.7843088258695948,7,Маркетплейсы -1.2σ,False,Республика Северная Осетия — Алания,
30,2024-08,0.7841082137059918,11,,False,Астраханская область,
28,2024-07,0.7824975200400679,19,,False,Амурская область,
9,2024-05,0.7791585720575966,8,,False,Карачаево-Черкесская Республика,
1,2024-08,0.7776491147635354,9,,False,Республика Адыгея,
14,2023-10,0.7775394820559333,29,,False,Республика Саха (Якутия),
35,2024-01,0.7730757024279781,25,Транспорт -1.1σ,False,Вологодская область,"модель не видела января — вероятно, сезонность региона"
26,2024-01,0.7707985966907591,33,,False,Ставропольский край,"модель не видела января — вероятно, сезонность региона"
28,2023-09,0.7668363784335374,19,,False,Амурская область,
86,2024-08,0.7666803981521828,22,,False,Ханты-Мансийский автономный округ — Югра,
25,2024-03,0.7632395032006025,33,Транспорт -1.2σ,False,Приморский край,
60,2024-07,0.7629477755187895,22,Продовольствие -1.0σ,False,Псковская область,
17,2024-04,0.7625966604083148,10,,False,Республика Тыва,
24,2023-12,0.7619970439264018,51,,False,Красноярский край,
30,2023-11,0.7607985133860485,11,,False,Астраханская область,
51,2024-12,0.7599624617127319,12,Продовольствие -1.0σ,False,Мурманская область,
30,2023-08,0.7597867289926686,11,,False,Астраханская область,
42,2024-10,0.7594912523131352,30,,False,Кемеровская область,
72,2023-07,0.7591161981287387,24,Продовольствие +1.1σ,False,Тюменская область,
29,2023-11,0.7582390971225031,22,Транспорт -1.2σ,False,Архангельская область,
35,2024-08,0.7563759680723126,25,Общественное питание -1.2σ,False,Вологодская область,
22,2024-02,0.755109334069225,65,Все категории -1.2σ,False,Алтайский край,
44,2024-04,0.7542858383726323,28,Маркетплейсы +1.2σ,False,Костромская область,
11,2024-05,0.7535042794178699,20,,False,Республика Коми,
48,2023-07,0.7529908254765566,18,Транспорт -1.0σ,False,Липецкая область,
13,2024-04,0.7526396457477746,20,,False,Республика Мордовия,
70,2024-06,0.7515255450809413,19,,False,Томская область,
4,2023-11,0.7485989696692539,11,,False,Республика Алтай,
79,2024-10,0.7475552555436147,6,Маркетплейсы +1.2σ,False,Еврейская автономная область,
25,2024-11,0.7459112173765339,33,,False,Приморский край,
27,2024-11,0.7458810088136548,16,,False,Хабаровский край,
60,2024-06,0.7449813269636553,22,,False,Псковская область,
26,2024-08,0.7429771818639193,33,,False,Ставропольский край,
76,2024-05,0.7421998261278813,19,Все категории +1.1σ,False,Ярославская область,
35,2023-09,0.7416414744496879,25,Продовольствие -1.1σ,False,Вологодская область,
11,2024-11,0.7415561603756584,20,,False,Республика Коми,
42,2023-11,0.7412685553693602,30,,False,Кемеровская область,
79,2023-10,0.7365399934890989,6,,False,Еврейская автономная область,
9,2024-02,0.7348951673200753,8,,False,Карачаево-Черкесская Республика,
22,2024-01,0.7333015464746172,65,,False,Алтайский край,"модель не видела января — вероятно, сезонность региона"
79,2024-04,0.7333001373060676,6,Продовольствие +1.1σ,False,Еврейская автономная область,
65,2024-10,0.7317807150358909,16,,False,Сахалинская область,
42,2024-09,0.731255787601245,30,,False,Кемеровская область,
78,2024-05,0.729509937089752,98,,False,Санкт-Петербург,
30,2024-11,0.7294672379569453,11,,False,Астраханская область,
19,2023-10,0.728013937336933,12,,False,Республика Хакасия,
71,2023-11,0.7275787332200098,24,,False,Тульская область,
71,2023-09,0.7269209466722343,24,,False,Тульская область,
19,2024-06,0.7265286753909621,12,,False,Республика Хакасия,
78,2024-04,0.7260766910214488,98,,False,Санкт-Петербург,
78,2023-11,0.7259632827298711,98,Маркетплейсы +1.1σ,False,Санкт-Петербург,
42,2024-07,0.7249128354879333,30,,False,Кемеровская область,
26,2024-05,0.7245832148932886,33,,False,Ставропольский край,
62,2024-10,0.7238446883120842,26,Все категории +1.0σ,False,Рязанская область,
8,2024-05,0.722544154105973,5,,False,Республика Калмыкия,
76,2024-06,0.7218364432070156,19,Все категории -1.2σ,False,Ярославская область,
65,2024-12,0.7198821208956958,16,Маркетплейсы -1.1σ,False,Сахалинская область,
1,2024-01,0.719877451502748,9,,False,Республика Адыгея,"модель не видела января — вероятно, сезонность региона"
12,2024-01,0.7195745165800952,17,,False,Республика Марий Эл,"модель не видела января — вероятно, сезонность региона"
54,2024-01,0.7168480346760866,35,Здоровье +1.0σ,False,Новосибирская область,"модель не видела января — вероятно, сезонность региона"
39,2024-08,0.7154015662186328,19,,False,Калининградская область,
26,2024-07,0.7149240403795877,33,,False,Ставропольский край,
71,2024-07,0.7124548938192572,24,,False,Тульская область,
25,2023-07,0.7112492922172315,33,Продовольствие +1.1σ,False,Приморский край,
30,2024-06,0.7095401178543238,11,,False,Астраханская область,
54,2024-09,0.70875366117648,35,,False,Новосибирская область,
8,2023-10,0.7086086506254314,5,,False,Республика Калмыкия,
17,2024-11,0.7085581610940149,10,,False,Республика Тыва,
86,2024-09,0.7082103423740329,22,,False,Ханты-Мансийский автономный округ — Югра,
72,2023-12,0.7074195940729431,24,,False,Тюменская область,
39,2024-06,0.7066704092607647,19,,False,Калининградская область,
28,2024-08,0.7049184208270137,19,,False,Амурская область,
9,2023-10,0.7042839141279674,8,,False,Карачаево-Черкесская Республика,
51,2024-04,0.7041756311849215,12,,False,Мурманская область,
28,2024-12,0.7035532886937457,19,,False,Амурская область,
45,2024-12,0.7033603233710435,24,,False,Курганская область,
18,2023-11,0.7017308084426487,27,,False,Удмуртская Республика,
70,2023-11,0.7015865839807044,19,,False,Томская область,
74,2024-08,0.6998062061165191,37,,False,Челябинская область,
42,2023-08,0.6993911772228252,30,,False,Кемеровская область,
33,2023-09,0.6991507337476077,18,,False,Владимирская область,
38,2024-05,0.698904010868481,39,Здоровье -1.1σ,False,Иркутская область,
76,2024-10,0.6986998371259779,19,,False,Ярославская область,
15,2023-10,0.698023017820194,7,,False,Республика Северная Осетия — Алания,
28,2024-06,0.698019660620979,19,Транспорт -1.1σ,False,Амурская область,
79,2024-01,0.6976153183160267,6,,False,Еврейская автономная область,"модель не видела января — вероятно, сезонность региона"
24,2023-08,0.6975010962031443,51,,False,Красноярский край,
41,2024-10,0.6972022870559407,9,,False,Камчатский край,
1,2024-02,0.6970415839842552,9,,False,Республика Адыгея,
78,2024-09,0.6960539445728712,98,,False,Санкт-Петербург,
28,2024-01,0.6920333458348066,19,,False,Амурская область,"модель не видела января — вероятно, сезонность региона"
28,2023-07,0.6919268880287004,19,,False,Амурская область,
70,2024-04,0.6918807158176936,19,,False,Томская область,
47,2023-12,0.690781895068108,18,,False,Ленинградская область,
65,2024-02,0.690660037259596,16,,False,Сахалинская область,
57,2024-04,0.6887701510050057,21,,False,Орловская область,
76,2024-07,0.688134919144725,19,,False,Ярославская область,
50,2023-12,0.6876451640251617,52,,False,Московская область,
19,2024-10,0.687627545623773,12,,False,Республика Хакасия,
71,2024-10,0.6873990010651058,24,,False,Тульская область,
15,2024-11,0.6872454824128049,7,Все категории -1.0σ,False,Республика Северная Осетия — Алания,
17,2024-05,0.6854530669272676,10,,False,Республика Тыва,
9,2023-11,0.6848885233742255,8,,False,Карачаево-Черкесская Республика,
42,2024-03,0.6834680317215864,30,,False,Кемеровская область,
79,2024-07,0.6832989418689734,6,Здоровье +1.1σ,False,Еврейская автономная область,
39,2024-07,0.6814522517322024,19,,False,Калининградская область,
72,2024-01,0.6799412111465016,24,,False,Тюменская область,"модель не видела января — вероятно, сезонность региона"
27,2024-04,0.6770976804212465,16,,False,Хабаровский край,
78,2023-10,0.676658330406355,98,,False,Санкт-Петербург,
14,2024-12,0.6761566315267218,29,,False,Республика Саха (Якутия),
34,2023-07,0.6760547918031832,35,,False,Волгоградская область,
2,2024-01,0.6756214960516324,61,,False,Республика Башкортостан,"модель не видела января — вероятно, сезонность региона"
4,2023-10,0.673708862514823,11,,False,Республика Алтай,
24,2024-09,0.6730020146790158,51,,False,Красноярский край,
11,2024-09,0.6714606378727059,20,,False,Республика Коми,
48,2024-09,0.6705534041743842,18,,False,Липецкая область,
55,2024-07,0.6697432677194397,33,,False,Омская область,
27,2023-07,0.6695104044327865,16,,False,Хабаровский край,
1,2024-09,0.6677448484723819,9,,False,Республика Адыгея,
27,2024-12,0.6668078604592881,16,,False,Хабаровский край,
53,2024-06,0.6656049439918544,21,,False,Новгородская область,
35,2023-07,0.6643982141520278,25,,False,Вологодская область,
89,2024-01,0.6636268282837355,13,,False,Ямало-Ненецкий автономный округ,"модель не видела января — вероятно, сезонность региона"
29,2024-05,0.6627263137549407,22,,False,Архангельская область,
26,2023-09,0.6611766519116774,33,,False,Ставропольский край,
17,2023-09,0.6602721035129251,10,,False,Республика Тыва,
19,2024-11,0.6590480386074613,12,,False,Республика Хакасия,
11,2023-07,0.6589501614914716,20,,False,Республика Коми,
75,2024-08,0.6583525394187847,28,,False,Забайкальский край,
50,2023-11,0.6579989405786276,52,,False,Московская область,
43,2023-12,0.6576177848809098,43,,False,Кировская область,
25,2023-11,0.6575345001695548,33,,False,Приморский край,
14,2024-08,0.6567080106343713,29,,False,Республика Саха (Якутия),
38,2023-08,0.6545025187826711,39,,False,Иркутская область,
47,2023-09,0.652246071699275,18,,False,Ленинградская область,
11,2024-07,0.6522367396314588,20,,False,Республика Коми,
10,2024-04,0.6502672432144418,18,,False,Республика Карелия,
67,2024-06,0.6500314547311689,27,,False,Смоленская область,
76,2024-09,0.6488007702759664,19,,False,Ярославская область,
75,2023-10,0.6481135003721273,28,,False,Забайкальский край,
71,2024-04,0.6478025745218468,24,,False,Тульская область,
18,2024-02,0.6470973532649494,27,,False,Удмуртская Республика,
11,2023-10,0.6457919859240896,20,,False,Республика Коми,
29,2024-10,0.6448060424862033,22,,False,Архангельская область,
63,2024-05,0.6441398263870187,36,,False,Самарская область,
75,2023-07,0.6435450585879745,28,,False,Забайкальский край,
59,2023-07,0.6431533674476098,42,,False,Пермский край,
68,2023-09,0.6420133650816803,24,,False,Тамбовская область,
10,2024-09,0.6419220519083456,18,,False,Республика Карелия,
9,2024-09,0.6416944146024064,8,Здоровье -1.0σ,False,Карачаево-Черкесская Республика,
74,2023-10,0.6390862296111273,37,,False,Челябинская область,
48,2023-12,0.6386935282745294,18,,False,Липецкая область,
60,2023-09,0.6376543135702016,22,,False,Псковская область,
56,2024-07,0.6360429717723535,39,,False,Оренбургская область,
17,2024-12,0.6360389757233051,10,,False,Республика Тыва,
29,2024-08,0.635930509389921,22,,False,Архангельская область,
72,2023-11,0.6353925162653492,24,,False,Тюменская область,
78,2024-08,0.6347500784508002,98,,False,Санкт-Петербург,
52,2023-10,0.634221147794758,50,,False,Нижегородская область,
75,2023-08,0.633000258206331,28,,False,Забайкальский край,
33,2024-01,0.6310811873890664,18,,False,Владимирская область,"модель не видела января — вероятно, сезонность региона"
39,2023-08,0.628990071422239,19,,False,Калининградская область,
19,2024-12,0.6287366741742048,12,Транспорт +1.0σ,False,Республика Хакасия,
29,2024-04,0.6270429523883596,22,,False,Архангельская область,
60,2023-12,0.6259034674514107,22,,False,Псковская область,
42,2024-02,0.6258817829847169,30,,False,Кемеровская область,
72,2023-09,0.6257666578513901,24,,False,Тюменская область,
25,2024-05,0.6250648174525724,33,,False,Приморский край,
4,2024-12,0.6248484224162083,11,,False,Республика Алтай,
66,2024-06,0.622816983765909,64,,False,Свердловская область,
28,2024-11,0.6218380756925327,19,,False,Амурская область,
19,2024-01,0.6213946021693546,12,,False,Республика Хакасия,"модель не видела января — вероятно, сезонность региона"
17,2024-07,0.6213865270703152,10,,False,Республика Тыва,
8,2023-11,0.6212967275239581,5,Общественное питание -1.0σ,False,Республика Калмыкия,
39,2023-10,0.6204027335679062,19,,False,Калининградская область,
63,2024-08,0.619693647679408,36,,False,Самарская область,
47,2023-10,0.6189915471858233,18,,False,Ленинградская область,
8,2024-06,0.6188828030192501,5,,False,Республика Калмыкия,
56,2023-09,0.6182933368514102,39,,False,Оренбургская область,
15,2024-04,0.6182550472771016,7,,False,Республика Северная Осетия — Алания,
66,2023-12,0.617901556831285,64,Здоровье -1.0σ,False,Свердловская область,
14,2024-04,0.6165009876161504,29,,False,Республика Саха (Якутия),
76,2024-01,0.6160266094230743,19,,False,Ярославская область,"модель не видела января — вероятно, сезонность региона"
54,2023-10,0.6145739111544539,35,,False,Новосибирская область,
21,2023-12,0.6142969509791806,23,,False,Чувашская Республика,
4,2024-09,0.6140279835542913,11,,False,Республика Алтай,
47,2023-07,0.6139934922166816,18,,False,Ленинградская область,
26,2024-11,0.6131665905658192,33,,False,Ставропольский край,
55,2024-09,0.6129072390108788,33,,False,Омская область,
25,2024-02,0.6127635525287931,33,,False,Приморский край,
12,2023-12,0.6127146363035844,17,,False,Республика Марий Эл,
37,2024-01,0.6126549055768855,26,,False,Ивановская область,"модель не видела января — вероятно, сезонность региона"
1,2023-08,0.611243282563185,9,,False,Республика Адыгея,
2,2024-08,0.6110938240653595,61,,False,Республика Башкортостан,
47,2024-12,0.6102604059709704,18,,False,Ленинградская область,
53,2024-05,0.6099616391815658,21,,False,Новгородская область,
75,2024-06,0.6096140495948791,28,,False,Забайкальский край,
33,2024-09,0.6094166251287683,18,,False,Владимирская область,
45,2023-08,0.6086705325760587,24,,False,Курганская область,
57,2024-05,0.6077168910100103,21,,False,Орловская область,
30,2023-09,0.606700192751332,11,,False,Астраханская область,
86,2023-10,0.6065401190374204,22,,False,Ханты-Мансийский автономный округ — Югра,
27,2023-08,0.6054372281656055,16,,False,Хабаровский край,
70,2024-01,0.6054340923507188,19,,False,Томская область,"модель не видела января — вероятно, сезонность региона"
75,2024-10,0.6051606570478856,28,,False,Забайкальский край,
73,2024-04,0.6049653334790744,21,,False,Ульяновская область,
89,2024-12,0.6048631018268271,13,,False,Ямало-Ненецкий автономный округ,
9,2024-06,0.6042615820027981,8,,False,Карачаево-Черкесская Республика,
86,2024-01,0.6040075767625634,22,,False,Ханты-Мансийский автономный округ — Югра,"модель не видела января — вероятно, сезонность региона"
18,2024-11,0.6039544833049433,27,,False,Удмуртская Республика,
11,2024-01,0.6036985118736968,20,,False,Республика Коми,"модель не видела января — вероятно, сезонность региона"
55,2024-01,0.6034644541449953,33,,False,Омская область,"модель не видела января — вероятно, сезонность региона"
40,2023-07,0.6034140676123896,25,,False,Калужская область,
70,2023-09,0.6028967471411856,19,,False,Томская область,
86,2024-12,0.6020988750302679,22,,False,Ханты-Мансийский автономный округ — Югра,
70,2023-12,0.6008697394092154,19,,False,Томская область,
41,2024-05,0.6001736574450703,9,,False,Камчатский край,
51,2024-01,0.5981276769665663,12,,False,Мурманская область,"модель не видела января — вероятно, сезонность региона"
34,2024-04,0.5976791845239077,35,,False,Волгоградская область,
43,2023-11,0.5974560538023929,43,,False,Кировская область,
38,2023-11,0.5971272264707791,39,,False,Иркутская область,
9,2024-10,0.5964518861515371,8,,False,Карачаево-Черкесская Республика,
28,2024-04,0.5955683040008536,19,,False,Амурская область,
59,2024-05,0.5947056020514949,42,,False,Пермский край,
66,2024-07,0.5920297209583897,64,,False,Свердловская область,
75,2024-07,0.5885104342391738,28,,False,Забайкальский край,
53,2024-07,0.5867664730998517,21,,False,Новгородская область,
60,2023-10,0.5866502801735436,22,,False,Псковская область,
29,2023-07,0.5863640972724373,22,,False,Архангельская область,
72,2024-05,0.5850331178951744,24,,False,Тюменская область,
58,2024-07,0.5843379627004662,25,,False,Пензенская область,
71,2023-08,0.5836785914454098,24,,False,Тульская область,
38,2024-03,0.5825016674335164,39,,False,Иркутская область,
29,2023-08,0.5820206905923037,22,,False,Архангельская область,
30,2024-10,0.5812896724050606,11,,False,Астраханская область,
54,2023-12,0.5806368075159736,35,,False,Новосибирская область,
78,2024-06,0.580565961736448,98,,False,Санкт-Петербург,
74,2024-06,0.5802289942852414,37,,False,Челябинская область,
10,2024-12,0.578964586646499,18,,False,Республика Карелия,
75,2023-11,0.5786736513520022,28,,False,Забайкальский край,
75,2024-12,0.5782196115320586,28,,False,Забайкальский край,
59,2023-09,0.5782176588180422,42,,False,Пермский край,
75,2024-09,0.578144816188345,28,,False,Забайкальский край,
78,2024-10,0.577675587706016,98,,False,Санкт-Петербург,
51,2024-03,0.5773538269066004,12,,False,Мурманская область,
21,2024-01,0.5770955044837037,23,,False,Чувашская Республика,"модель не видела января — вероятно, сезонность региона"
28,2023-10,0.5770799423572033,19,,False,Амурская область,
33,2024-07,0.5767372543228697,18,,False,Владимирская область,
41,2024-11,0.5765940948404062,9,,False,Камчатский край,
25,2024-07,0.5765796487643463,33,,False,Приморский край,
70,2023-08,0.5758307641463128,19,,False,Томская область,
60,2024-10,0.5750196564712148,22,,False,Псковская область,
56,2024-04,0.5747711448930167,39,,False,Оренбургская область,
8,2024-01,0.5743502745573293,5,,False,Республика Калмыкия,"модель не видела января — вероятно, сезонность региона"
62,2023-07,0.5731738452789193,26,,False,Рязанская область,
52,2023-09,0.5724869229558667,50,,False,Нижегородская область,
39,2023-07,0.5720941545175425,19,,False,Калининградская область,
54,2024-06,0.5712269572991959,35,,False,Новосибирская область,
71,2024-02,0.5709091572809964,24,,False,Тульская область,
39,2023-12,0.5706800557154105,19,,False,Калининградская область,
48,2024-05,0.5702645384517641,18,,False,Липецкая область,
1,2024-11,0.5701407467233256,9,,False,Республика Адыгея,
26,2024-09,0.5700102534738656,33,,False,Ставропольский край,
10,2023-10,0.5698054987865184,18,,False,Республика Карелия,
13,2023-09,0.5692066817108057,20,,False,Республика Мордовия,
70,2024-08,0.5681550951301794,19,,False,Томская область,
13,2023-12,0.5680738658951784,20,,False,Республика Мордовия,
2,2024-12,0.5679652004984354,61,,False,Республика Башкортостан,
22,2023-08,0.5678987858368634,65,,False,Алтайский край,
47,2024-04,0.5667421042724772,18,,False,Ленинградская область,
39,2023-09,0.5642341840485838,19,,False,Калининградская область,
45,2023-11,0.5638798123464066,24,,False,Курганская область,
21,2024-06,0.5636564564940586,23,,False,Чувашская Республика,
38,2024-02,0.5634204910759636,39,,False,Иркутская область,
8,2023-12,0.5633131980432996,5,,False,Республика Калмыкия,
63,2023-08,0.5629465311604381,36,,False,Самарская область,
55,2023-08,0.5624288247373795,33,,False,Омская область,
1,2023-12,0.5619634434082902,9,,False,Республика Адыгея,
12,2023-11,0.5614618575771743,17,,False,Республика Марий Эл,
19,2024-04,0.559747671304773,12,,False,Республика Хакасия,
45,2024-06,0.5584741474064304,24,,False,Курганская область,
29,2024-11,0.5582870973561124,22,,False,Архангельская область,
78,2023-12,0.5581873187708595,98,,False,Санкт-Петербург,
73,2023-10,0.5571687671611367,21,,False,Ульяновская область,
56,2024-12,0.556678520695196,39,,False,Оренбургская область,
35,2023-08,0.5563408932223912,25,,False,Вологодская область,
59,2023-12,0.5563347273327927,42,,False,Пермский край,
22,2024-10,0.5555235300832284,65,,False,Алтайский край,
1,2024-03,0.5553731617702983,9,,False,Республика Адыгея,
21,2023-07,0.5552834205298971,23,,False,Чувашская Республика,
21,2024-02,0.5548483070378327,23,,False,Чувашская Республика,
13,2024-03,0.5545097250829715,20,,False,Республика Мордовия,
47,2024-01,0.5543700268273724,18,,False,Ленинградская область,"модель не видела января — вероятно, сезонность региона"
51,2024-06,0.553258435203625,12,,False,Мурманская область,
12,2023-07,0.5531384690609317,17,,False,Республика Марий Эл,
71,2023-07,0.5516391890634083,24,,False,Тульская область,
86,2024-10,0.5512797815269296,22,,False,Ханты-Мансийский автономный округ — Югра,
63,2023-09,0.5509743186919264,36,,False,Самарская область,
55,2023-12,0.5491322242144628,33,,False,Омская область,
45,2024-08,0.5472366087771231,24,,False,Курганская область,
75,2024-05,0.5469489381562354,28,,False,Забайкальский край,
44,2023-08,0.5465809672044468,28,,False,Костромская область,
19,2023-09,0.5459993531024006,12,,False,Республика Хакасия,
39,2024-05,0.5454803712632545,19,,False,Калининградская область,
28,2024-10,0.5447490087880008,19,,False,Амурская область,
53,2024-03,0.5444512237163383,21,,False,Новгородская область,
48,2023-10,0.5439775773878035,18,,False,Липецкая область,
11,2024-06,0.5439036780397429,20,,False,Республика Коми,
1,2023-09,0.5435510133283559,9,,False,Республика Адыгея,
48,2023-11,0.5431504765021068,18,,False,Липецкая область,
43,2023-07,0.5430427911171062,43,,False,Кировская область,
55,2023-07,0.542535475543618,33,,False,Омская область,
69,2023-07,0.5415052805151902,37,,False,Тверская область,
1,2023-11,0.5414746720527254,9,,False,Республика Адыгея,
26,2023-12,0.5412367773502428,33,,False,Ставропольский край,
2,2023-09,0.5406694333447091,61,,False,Республика Башкортостан,
13,2024-09,0.5403775900212291,20,,False,Республика Мордовия,
33,2023-08,0.540368203414937,18,,False,Владимирская область,
30,2024-02,0.5396930004043303,11,,False,Астраханская область,
11,2023-08,0.5379319396499378,20,,False,Республика Коми,
68,2024-05,0.5377893926167963,24,,False,Тамбовская область,
77,2024-12,0.5375045422184989,144,,False,Москва,
1,2024-10,0.5362605106029795,9,,False,Республика Адыгея,
55,2023-11,0.5357299840019718,33,,False,Омская область,
78,2024-11,0.5354534284797908,98,,False,Санкт-Петербург,
44,2023-10,0.5350750363578585,28,,False,Костромская область,
18,2023-12,0.5347732855019155,27,,False,Удмуртская Республика,
40,2024-09,0.5338505032900761,25,,False,Калужская область,
65,2024-11,0.5336006814900156,16,,False,Сахалинская область,
35,2023-12,0.5334966472101558,25,,False,Вологодская область,
10,2023-11,0.5333829781320737,18,,False,Республика Карелия,
38,2024-10,0.5323177240450497,39,,False,Иркутская область,
29,2024-09,0.5319307408885054,22,,False,Архангельская область,
11,2024-10,0.5310843147558054,20,,False,Республика Коми,
4,2024-06,0.5293076015459204,11,,False,Республика Алтай,
47,2024-09,0.5286976725262704,18,,False,Ленинградская область,
70,2024-12,0.5282565184207679,19,,False,Томская область,
34,2024-05,0.5274505693606194,35,,False,Волгоградская область,
76,2024-04,0.5271854916918374,19,,False,Ярославская область,
35,2024-11,0.5270333498390644,25,,False,Вологодская область,
86,2024-04,0.5263851177286665,22,,False,Ханты-Мансийский автономный округ — Югра,
86,2024-02,0.526130254454,22,,False,Ханты-Мансийский автономный округ — Югра,
27,2023-10,0.5254882001585987,16,,False,Хабаровский край,
22,2024-03,0.524372444279855,65,,False,Алтайский край,
41,2024-09,0.5233496929878613,9,,False,Камчатский край,
22,2023-07,0.522429137319459,65,,False,Алтайский край,
53,2023-07,0.5210328437655081,21,,False,Новгородская область,
35,2024-04,0.5208601919834632,25,,False,Вологодская область,
47,2024-08,0.5207484951325849,18,,False,Ленинградская область,
34,2024-03,0.520412755499788,35,,False,Волгоградская область,
11,2023-12,0.5188548351253024,20,,False,Республика Коми,
72,2023-08,0.5185650009691288,24,,False,Тюменская область,
42,2023-10,0.5180289667173102,30,,False,Кемеровская область,
35,2024-10,0.5175775537462777,25,,False,Вологодская область,
12,2023-09,0.5171293079659386,17,,False,Республика Марий Эл,
70,2023-07,0.517086664861187,19,,False,Томская область,
77,2023-09,0.5153245006802588,144,,False,Москва,
43,2024-01,0.5138342774897415,43,,False,Кировская область,"модель не видела января — вероятно, сезонность региона"
47,2024-02,0.5134296864662811,18,,False,Ленинградская область,
15,2024-01,0.5131272534274401,7,,False,Республика Северная Осетия — Алания,"модель не видела января — вероятно, сезонность региона"
27,2024-05,0.5117499058494867,16,,False,Хабаровский край,
62,2023-11,0.511529477676465,26,,False,Рязанская область,
25,2023-09,0.5115239545309636,33,,False,Приморский край,
27,2024-01,0.5108502067017172,16,,False,Хабаровский край,"модель не видела января — вероятно, сезонность региона"
12,2024-02,0.5100619856274595,17,,False,Республика Марий Эл,
26,2023-07,0.5097497219600234,33,,False,Ставропольский край,
69,2024-07,0.5073014225616771,37,,False,Тверская область,
13,2024-06,0.5071103673605669,20,,False,Республика Мордовия,
21,2024-03,0.5070480701036845,23,,False,Чувашская Республика,
50,2024-07,0.50644667376054,52,,False,Московская область,
24,2024-10,0.5058235219152468,51,,False,Красноярский край,
67,2024-01,0.5047691940372865,27,,False,Смоленская область,"модель не видела января — вероятно, сезонность региона"
60,2023-08,0.5040508597730077,22,,False,Псковская область,
73,2023-11,0.5039816045266914,21,,False,Ульяновская область,
18,2023-10,0.5037013298599753,27,,False,Удмуртская Республика,
54,2024-11,0.5034489057941329,35,,False,Новосибирская область,
71,2024-06,0.5031678848324391,24,,False,Тульская область,
16,2024-08,0.5026818281074723,43,,False,Республика Татарстан,
53,2023-08,0.5024905758486862,21,,False,Новгородская область,
42,2024-06,0.5022277970052018,30,,False,Кемеровская область,
1,2024-04,0.5021062361054827,9,,False,Республика Адыгея,
2,2024-06,0.5015656585582812,61,,False,Республика Башкортостан,
24,2023-11,0.5012061434657904,51,,False,Красноярский край,
76,2023-07,0.5004093355543646,19,,False,Ярославская область,
66,2024-01,0.49999645824292316,64,,False,Свердловская область,"модель не видела января — вероятно, сезонность региона"
54,2024-02,0.49948958569009,35,,False,Новосибирская область,
77,2023-11,0.49937847379684847,144,,False,Москва,
57,2024-01,0.49910959160992113,21,,False,Орловская область,"модель не видела января — вероятно, сезонность региона"
66,2023-07,0.49907406670519133,64,,False,Свердловская область,
28,2023-11,0.4989640627684388,19,,False,Амурская область,
58,2023-08,0.49793684009918104,25,,False,Пензенская область,
68,2024-01,0.49791576186751535,24,,False,Тамбовская область,"модель не видела января — вероятно, сезонность региона"
67,2024-05,0.49707033953884827,27,,False,Смоленская область,
71,2023-10,0.4964447723339062,24,,False,Тульская область,
10,2024-06,0.49617562123608777,18,,False,Республика Карелия,
57,2024-07,0.4953955086259166,21,,False,Орловская область,
22,2023-10,0.4947276699914905,65,,False,Алтайский край,
34,2024-07,0.49443328615339116,35,,False,Волгоградская область,
74,2023-08,0.49438020811994343,37,,False,Челябинская область,
48,2024-07,0.4942768682364106,18,,False,Липецкая область,
53,2023-09,0.4941739067575587,21,,False,Новгородская область,
2,2024-10,0.49415683929745385,61,,False,Республика Башкортостан,
55,2024-10,0.4939088099597894,33,,False,Омская область,
30,2023-07,0.491961589644626,11,,False,Астраханская область,
63,2024-04,0.4919586715965372,36,,False,Самарская область,
22,2024-09,0.49182232448914087,65,,False,Алтайский край,
58,2024-05,0.49050853465547206,25,,False,Пензенская область,
69,2023-12,0.48985818285845034,37,,False,Тверская область,
72,2024-02,0.48976961609200026,24,,False,Тюменская область,
13,2024-07,0.488722879600935,20,,False,Республика Мордовия,
71,2023-12,0.4886537357864049,24,,False,Тульская область,
12,2024-08,0.4874640640971557,17,,False,Республика Марий Эл,
54,2023-08,0.4863039521961575,35,,False,Новосибирская область,
69,2024-04,0.4856356462218935,37,,False,Тверская область,
2,2024-04,0.48552218640176115,61,,False,Республика Башкортостан,
25,2024-04,0.48537720961522784,33,,False,Приморский край,
69,2023-10,0.48478756074656676,37,,False,Тверская область,
69,2023-09,0.4845127386865284,37,,False,Тверская область,
34,2024-12,0.4844371768648634,35,,False,Волгоградская область,
29,2024-01,0.48439490823133896,22,,False,Архангельская область,"модель не видела января — вероятно, сезонность региона"
18,2023-07,0.48284857792728525,27,,False,Удмуртская Республика,
39,2024-12,0.4825126628321216,19,,False,Калининградская область,
42,2024-11,0.481756905187751,30,,False,Кемеровская область,
37,2023-11,0.4802690493755394,26,,False,Ивановская область,
68,2024-07,0.47907850786375816,24,,False,Тамбовская область,
58,2023-12,0.47879547178366894,25,,False,Пензенская область,
48,2024-03,0.4780979735923876,18,,False,Липецкая область,
48,2024-10,0.47774113040808214,18,,False,Липецкая область,
66,2023-10,0.47773136305621156,64,,False,Свердловская область,
29,2023-10,0.477266907977473,22,,False,Архангельская область,
33,2024-11,0.47723852730179933,18,,False,Владимирская область,
33,2024-04,0.4767032277135009,18,,False,Владимирская область,
40,2024-08,0.47529031177762726,25,,False,Калужская область,
62,2023-09,0.47528670854547156,26,,False,Рязанская область,
57,2024-11,0.4741241361429846,21,,False,Орловская область,
29,2024-06,0.4740910956088463,22,,False,Архангельская область,
18,2024-10,0.47393228895883466,27,,False,Удмуртская Республика,
77,2024-04,0.47368460810554375,144,,False,Москва,
42,2024-12,0.47349741375325305,30,,False,Кемеровская область,
13,2024-05,0.4728863920711113,20,,False,Республика Мордовия,
28,2023-08,0.47238422955977705,19,,False,Амурская область,
43,2024-11,0.4713015240682428,43,,False,Кировская область,
74,2023-07,0.47044306209411124,37,,False,Челябинская область,
66,2023-08,0.4702705040736458,64,,False,Свердловская область,
66,2024-05,0.4701395845018147,64,,False,Свердловская область,
1,2023-10,0.4696605989144324,9,,False,Республика Адыгея,
55,2024-02,0.4694018622842165,33,,False,Омская область,
48,2024-11,0.4683783262393869,18,,False,Липецкая область,
10,2024-07,0.46726462619947134,18,,False,Республика Карелия,
74,2024-07,0.4670382816026853,37,,False,Челябинская область,
44,2024-02,0.4668838262007149,28,,False,Костромская область,
42,2024-05,0.46644039077745975,30,,False,Кемеровская область,
67,2023-08,0.46619837218335136,27,,False,Смоленская область,
54,2024-03,0.4661002309301258,35,,False,Новосибирская область,
69,2024-05,0.46607530024062743,37,,False,Тверская область,
18,2023-09,0.46555491499003987,27,,False,Удмуртская Республика,
21,2024-08,0.46542673813813873,23,,False,Чувашская Республика,
40,2024-03,0.46413055254825053,25,,False,Калужская область,
2,2024-02,0.4635200853149831,61,,False,Республика Башкортостан,
71,2024-08,0.462647327068679,24,,False,Тульская область,
62,2023-10,0.46257722912726146,26,,False,Рязанская область,
70,2024-11,0.4620936999868571,19,,False,Томская область,
21,2023-10,0.4615406214753019,23,,False,Чувашская Республика,
54,2024-10,0.46135994304097805,35,,False,Новосибирская область,
67,2024-03,0.4610264104239871,27,,False,Смоленская область,
43,2024-05,0.46090756946034134,43,,False,Кировская область,
50,2024-12,0.4608985471791186,52,,False,Московская область,
64,2024-03,0.45964495498373326,39,,False,Саратовская область,
33,2023-12,0.4592583138637576,18,,False,Владимирская область,
48,2023-09,0.45898217676108544,18,,False,Липецкая область,
26,2024-12,0.45860432403166884,33,,False,Ставропольский край,
67,2023-12,0.45783333595513703,27,,False,Смоленская область,
71,2024-11,0.45634099325559996,24,,False,Тульская область,
10,2024-08,0.455975869926935,18,,False,Республика Карелия,
58,2023-09,0.45555742168020097,25,,False,Пензенская область,
24,2024-01,0.4537680451222764,51,,False,Красноярский край,"модель не видела января — вероятно, сезонность региона"
71,2024-09,0.45361775345093774,24,,False,Тульская область,
27,2024-07,0.45354738992578175,16,,False,Хабаровский край,
78,2024-07,0.4533632876867866,98,,False,Санкт-Петербург,
30,2024-03,0.45326057977252776,11,,False,Астраханская область,
53,2024-01,0.4532014735529926,21,,False,Новгородская область,"модель не видела января — вероятно, сезонность региона"
25,2024-01,0.4520758553800216,33,,False,Приморский край,"модель не видела января — вероятно, сезонность региона"
12,2024-06,0.4519583835471906,17,,False,Республика Марий Эл,
67,2024-11,0.45195623230983284,27,,False,Смоленская область,
18,2024-01,0.45192482944356194,27,,False,Удмуртская Республика,"модель не видела января — вероятно, сезонность региона"
62,2024-02,0.4491367143323714,26,,False,Рязанская область,
56,2023-10,0.4488536878463593,39,,False,Оренбургская область,
53,2023-12,0.44835430780617946,21,,False,Новгородская область,
50,2024-04,0.44639334314890206,52,,False,Московская область,
57,2024-08,0.44628122965073974,21,,False,Орловская область,
48,2024-04,0.44503417794902234,18,,False,Липецкая область,
74,2023-12,0.44455244473630345,37,,False,Челябинская область,
48,2024-02,0.4445509528411617,18,,False,Липецкая область,
28,2024-09,0.44238512317836987,19,,False,Амурская область,
65,2024-04,0.4418749877131623,16,,False,Сахалинская область,
89,2024-03,0.4410633527657671,13,,False,Ямало-Ненецкий автономный округ,
50,2024-09,0.4408400698106832,52,,False,Московская область,
43,2024-08,0.44067095845515986,43,,False,Кировская область,
68,2024-04,0.44053590127904785,24,,False,Тамбовская область,
12,2024-04,0.4401779437879214,17,,False,Республика Марий Эл,
38,2024-06,0.44013325799170755,39,,False,Иркутская область,
40,2023-09,0.4399107587347817,25,,False,Калужская область,
52,2023-11,0.4396480889867766,50,,False,Нижегородская область,
50,2024-06,0.43948843553180716,52,,False,Московская область,
19,2023-08,0.4391221802952501,12,,False,Республика Хакасия,
89,2024-08,0.4380990443739279,13,,False,Ямало-Ненецкий автономный округ,
29,2024-02,0.4380598335752672,22,,False,Архангельская область,
60,2024-03,0.43802912704252944,22,,False,Псковская область,
54,2024-07,0.4373881969544763,35,,False,Новосибирская область,
12,2024-09,0.43734238825249383,17,,False,Республика Марий Эл,
16,2024-02,0.43672212235834545,43,,False,Республика Татарстан,
26,2024-06,0.4348798250597069,33,,False,Ставропольский край,
60,2024-09,0.4332374256190923,22,,False,Псковская область,
68,2023-07,0.4330329809193148,24,,False,Тамбовская область,
24,2024-07,0.4325787202314848,51,,False,Красноярский край,
1,2024-06,0.43193282603724115,9,,False,Республика Адыгея,
67,2023-10,0.431684421612431,27,,False,Смоленская область,
59,2024-01,0.43073416731816555,42,,False,Пермский край,"модель не видела января — вероятно, сезонность региона"
33,2024-08,0.4303043467379884,18,,False,Владимирская область,
50,2024-05,0.4299347247276325,52,,False,Московская область,
63,2024-03,0.4298260011192164,36,,False,Самарская область,
35,2024-06,0.4289993426160026,25,,False,Вологодская область,
44,2024-07,0.42870456694178144,28,,False,Костромская область,
30,2023-10,0.4277240580083605,11,,False,Астраханская область,
24,2024-02,0.4275130739329471,51,,False,Красноярский край,
89,2024-02,0.42734339344066974,13,,False,Ямало-Ненецкий автономный округ,
62,2023-12,0.427164432730002,26,,False,Рязанская область,
10,2023-12,0.4271271782131613,18,,False,Республика Карелия,
21,2023-11,0.42609944320787124,23,,False,Чувашская Республика,
55,2024-08,0.42552908296265357,33,,False,Омская область,
40,2024-06,0.42546425014455924,25,,False,Калужская область,
21,2023-08,0.42539209773882497,23,,False,Чувашская Республика,
68,2024-09,0.4244591142389482,24,,False,Тамбовская область,
60,2024-11,0.42408368706362837,22,,False,Псковская область,
43,2024-09,0.4240274308060343,43,,False,Кировская область,
55,2024-06,0.42350896962091344,33,,False,Омская область,
16,2024-05,0.423497062868324,43,,False,Республика Татарстан,
77,2024-02,0.4233708642687946,144,,False,Москва,
21,2024-05,0.42314026992872533,23,,False,Чувашская Республика,
16,2024-12,0.4231163831096194,43,,False,Республика Татарстан,
55,2024-11,0.42300113297258785,33,,False,Омская область,
19,2024-02,0.42135631322244477,12,,False,Республика Хакасия,
42,2023-09,0.42127577560175755,30,,False,Кемеровская область,
22,2023-12,0.421105212140383,65,,False,Алтайский край,
24,2024-05,0.42055350976782707,51,,False,Красноярский край,
76,2024-02,0.420403036724875,19,,False,Ярославская область,
30,2024-12,0.4197872006243078,11,,False,Астраханская область,
40,2024-12,0.41797688320013876,25,,False,Калужская область,
13,2024-11,0.4179088251692178,20,,False,Республика Мордовия,
70,2023-10,0.4169390839955968,19,,False,Томская область,
77,2024-08,0.4167735798252591,144,,False,Москва,
70,2024-09,0.4161370510864222,19,,False,Томская область,
57,2024-06,0.41610125281223775,21,,False,Орловская область,
33,2024-10,0.41606070064385964,18,,False,Владимирская область,
70,2024-02,0.41522870458981814,19,,False,Томская область,
64,2023-11,0.4148867065016065,39,,False,Саратовская область,
21,2024-09,0.4147824834877994,23,,False,Чувашская Республика,
76,2024-12,0.4142268760144786,19,,False,Ярославская область,
33,2024-05,0.4141185619610536,18,,False,Владимирская область,
78,2024-02,0.41407557761548414,98,,False,Санкт-Петербург,
18,2024-09,0.41404183723761817,27,,False,Удмуртская Республика,
69,2023-11,0.4130037233598538,37,,False,Тверская область,
9,2023-09,0.4127542137926592,8,,False,Карачаево-Черкесская Республика,
69,2024-08,0.4120855961545199,37,,False,Тверская область,
1,2024-12,0.4118837584626188,9,,False,Республика Адыгея,
68,2023-11,0.4117922297152861,24,,False,Тамбовская область,
26,2024-10,0.4113710780855712,33,,False,Ставропольский край,
57,2024-10,0.41065532950558925,21,,False,Орловская область,
38,2024-12,0.410403257522628,39,,False,Иркутская область,
57,2024-09,0.41025306310062926,21,,False,Орловская область,
57,2024-12,0.40970656980401776,21,,False,Орловская область,
18,2024-12,0.40967598041937586,27,,False,Удмуртская Республика,
62,2024-11,0.4095836060243342,26,,False,Рязанская область,
45,2024-04,0.40945731254237727,24,,False,Курганская область,
77,2024-09,0.4091227722607216,144,,False,Москва,
58,2024-09,0.4085262585348685,25,,False,Пензенская область,
41,2024-04,0.40849206917000225,9,,False,Камчатский край,
60,2023-07,0.4083285989640696,22,,False,Псковская область,
47,2024-07,0.408240243389526,18,,False,Ленинградская область,
29,2024-07,0.40813321793041807,22,,False,Архангельская область,
73,2024-10,0.4079852886259776,21,,False,Ульяновская область,
78,2023-07,0.40775748493318364,98,,False,Санкт-Петербург,
63,2024-07,0.40738430969891304,36,,False,Самарская область,
18,2024-03,0.4073143084744633,27,,False,Удмуртская Республика,
29,2024-03,0.40731263228696535,22,,False,Архангельская область,
47,2023-11,0.40729712977345417,18,,False,Ленинградская область,
21,2023-09,0.40704102974274264,23,,False,Чувашская Республика,
54,2024-12,0.4069590681155633,35,,False,Новосибирская область,
13,2024-12,0.40680648581361,20,,False,Республика Мордовия,
37,2023-10,0.40666275642809946,26,,False,Ивановская область,
43,2024-06,0.4062856348248772,43,,False,Кировская область,
34,2024-01,0.40594050803218334,35,,False,Волгоградская область,"модель не видела января — вероятно, сезонность региона"
69,2023-08,0.40583165990231923,37,,False,Тверская область,
66,2024-11,0.4055680382709743,64,,False,Свердловская область,
16,2023-07,0.4051496964499066,43,,False,Республика Татарстан,
58,2023-11,0.40492876356878604,25,,False,Пензенская область,
52,2024-06,0.4048198346038775,50,,False,Нижегородская область,
33,2024-02,0.4046046210330167,18,,False,Владимирская область,
40,2024-10,0.40442927390865446,25,,False,Калужская область,
37,2024-07,0.40409765371822254,26,,False,Ивановская область,
25,2024-12,0.4040206133230398,33,,False,Приморский край,
63,2024-06,0.40352732360926863,36,,False,Самарская область,
64,2023-12,0.40342442680696067,39,,False,Саратовская область,
72,2024-06,0.4033443333873688,24,,False,Тюменская область,
48,2024-12,0.40327753902038666,18,,False,Липецкая область,
77,2024-10,0.4030707421441011,144,,False,Москва,
56,2024-08,0.4028889508158797,39,,False,Оренбургская область,
71,2024-03,0.4023830003849043,24,,False,Тульская область,
67,2024-08,0.4017183994322005,27,,False,Смоленская область,
48,2023-08,0.40156276827461357,18,,False,Липецкая область,
71,2024-12,0.4011615329042038,24,,False,Тульская область,
45,2023-09,0.40051786522073385,24,,False,Курганская область,
68,2024-10,0.39981770936514427,24,,False,Тамбовская область,
63,2024-11,0.3996338052090743,36,,False,Самарская область,
42,2024-08,0.39945430498923384,30,,False,Кемеровская область,
33,2023-10,0.3994443287756762,18,,False,Владимирская область,
77,2023-07,0.39905223452566685,144,,False,Москва,
76,2024-11,0.399019651311368,19,,False,Ярославская область,
47,2024-03,0.39898815522928566,18,,False,Ленинградская область,
52,2024-04,0.39825712627432985,50,,False,Нижегородская область,
69,2024-02,0.39735999967373065,37,,False,Тверская область,
62,2024-06,0.39658631941230843,26,,False,Рязанская область,
13,2024-08,0.39625110751682974,20,,False,Республика Мордовия,
45,2023-07,0.3958253962752605,24,,False,Курганская область,
73,2023-07,0.39573243783702244,21,,False,Ульяновская область,
19,2024-07,0.39561032887120917,12,,False,Республика Хакасия,
53,2024-11,0.3955078215563894,21,,False,Новгородская область,
77,2024-03,0.3947700579208067,144,,False,Москва,
52,2024-11,0.3945506671751928,50,,False,Нижегородская область,
64,2024-05,0.3944678646033755,39,,False,Саратовская область,
44,2024-08,0.3938509923017093,28,,False,Костромская область,
78,2024-12,0.39267848702253394,98,,False,Санкт-Петербург,
56,2023-08,0.39265101139356157,39,,False,Оренбургская область,
50,2023-08,0.39209848968731975,52,,False,Московская область,
56,2024-03,0.39176384949307536,39,,False,Оренбургская область,
55,2023-09,0.391211798182718,33,,False,Омская область,
58,2024-01,0.39114980005977185,25,,False,Пензенская область,"модель не видела января — вероятно, сезонность региона"
55,2023-10,0.3911038562474016,33,,False,Омская область,
39,2024-01,0.3909969488152008,19,,False,Калининградская область,"модель не видела января — вероятно, сезонность региона"
11,2024-08,0.39073353260237825,20,,False,Республика Коми,
62,2024-12,0.3906047157469432,26,,False,Рязанская область,
73,2024-03,0.38819402387385205,21,,False,Ульяновская область,
25,2023-10,0.38733420324435314,33,,False,Приморский край,
58,2023-07,0.38677991827734115,25,,False,Пензенская область,
43,2023-09,0.386656323598832,43,,False,Кировская область,
13,2023-10,0.3865910059096453,20,,False,Республика Мордовия,
45,2024-05,0.3861365594521279,24,,False,Курганская область,
44,2024-09,0.3857810619857538,28,,False,Костромская область,
76,2023-09,0.3851632440430758,19,,False,Ярославская область,
39,2024-02,0.38469555005289063,19,,False,Калининградская область,
68,2024-03,0.38385171738872426,24,,False,Тамбовская область,
58,2024-12,0.38319849133704614,25,,False,Пензенская область,
10,2024-03,0.3831239467932661,18,,False,Республика Карелия,
55,2024-05,0.38269996151460367,33,,False,Омская область,
54,2023-07,0.38191833450388624,35,,False,Новосибирская область,
40,2023-10,0.3815230075828292,25,,False,Калужская область,
38,2023-07,0.38130068817180945,39,,False,Иркутская область,
37,2024-08,0.38111502381397105,26,,False,Ивановская область,
35,2023-10,0.3805922040662284,25,,False,Вологодская область,
37,2023-12,0.3791593475217867,26,,False,Ивановская область,
72,2024-12,0.3790115878506478,24,,False,Тюменская область,
72,2024-04,0.3789570618236659,24,,False,Тюменская область,
24,2023-10,0.3778703386992501,51,,False,Красноярский край,
76,2023-08,0.3775794747723307,19,,False,Ярославская область,
45,2024-01,0.3774059997269173,24,,False,Курганская область,"модель не видела января — вероятно, сезонность региона"
18,2024-08,0.377322845079704,27,,False,Удмуртская Республика,
72,2024-11,0.3748820265201001,24,,False,Тюменская область,
19,2024-05,0.37427706135878425,12,,False,Республика Хакасия,
50,2023-10,0.3741282108086078,52,,False,Московская область,
29,2023-12,0.3741024021845821,22,,False,Архангельская область,
35,2024-02,0.3736950029430368,25,,False,Вологодская область,
24,2024-08,0.3736817486691932,51,,False,Красноярский край,
62,2024-09,0.3731899191526029,26,,False,Рязанская область,
56,2024-05,0.3729686499261581,39,,False,Оренбургская область,
44,2024-06,0.37257611724710266,28,,False,Костромская область,
38,2023-09,0.3725701000479609,39,,False,Иркутская область,
62,2024-05,0.3719606830463615,26,,False,Рязанская область,
76,2023-10,0.37195002918435127,19,,False,Ярославская область,
19,2024-08,0.3715339919086029,12,,False,Республика Хакасия,
34,2024-08,0.37140992792705113,35,,False,Волгоградская область,
35,2024-12,0.37093543897487036,25,,False,Вологодская область,
59,2024-09,0.3701796469164073,42,,False,Пермский край,
13,2023-11,0.3701208426891171,20,,False,Республика Мордовия,
54,2024-08,0.36922905440453885,35,,False,Новосибирская область,
74,2024-05,0.36910945026259434,37,,False,Челябинская область,
73,2023-12,0.36900023182387987,21,,False,Ульяновская область,
14,2024-11,0.36841051906010436,29,,False,Республика Саха (Якутия),
67,2024-04,0.36814750191245726,27,,False,Смоленская область,
59,2024-10,0.36734661230037163,42,,False,Пермский край,
58,2024-06,0.3672370130063968,25,,False,Пензенская область,
67,2024-07,0.3670899533279593,27,,False,Смоленская область,
12,2024-07,0.3667700777104647,17,,False,Республика Марий Эл,
21,2024-12,0.3654546171888694,23,,False,Чувашская Республика,
67,2023-09,0.36494530269889036,27,,False,Смоленская область,
65,2024-09,0.364898684102592,16,,False,Сахалинская область,
13,2024-02,0.364761061107073,20,,False,Республика Мордовия,
44,2024-01,0.3641366297490822,28,,False,Костромская область,"модель не видела января — вероятно, сезонность региона"
33,2023-11,0.36404070431490104,18,,False,Владимирская область,
24,2024-03,0.36391785386589665,51,,False,Красноярский край,
70,2024-05,0.36354870760552793,19,,False,Томская область,
16,2024-03,0.36293334319887627,43,,False,Республика Татарстан,
38,2024-07,0.3617929059053782,39,,False,Иркутская область,
35,2023-11,0.3614103468556566,25,,False,Вологодская область,
43,2024-12,0.3610761700094937,43,,False,Кировская область,
69,2024-09,0.3606970242353525,37,,False,Тверская область,
64,2024-01,0.3602745934087609,39,,False,Саратовская область,"модель не видела января — вероятно, сезонность региона"
34,2024-11,0.3598260574658633,35,,False,Волгоградская область,
66,2024-12,0.3591748738590285,64,,False,Свердловская область,
40,2024-02,0.3591075794422898,25,,False,Калужская область,
52,2023-07,0.35891951973387715,50,,False,Нижегородская область,
56,2024-09,0.35883711150057274,39,,False,Оренбургская область,
33,2024-12,0.3586134754434431,18,,False,Владимирская область,
2,2023-08,0.3585752661268031,61,,False,Республика Башкортостан,
60,2024-08,0.35842781948811386,22,,False,Псковская область,
37,2023-07,0.35830123411950254,26,,False,Ивановская область,
40,2024-07,0.35806000375034214,25,,False,Калужская область,
76,2023-12,0.35801265829271633,19,,False,Ярославская область,
18,2024-05,0.3576291741191161,27,,False,Удмуртская Республика,
45,2024-07,0.3571016224525046,24,,False,Курганская область,
73,2024-01,0.3570043923593917,21,,False,Ульяновская область,"модель не видела января — вероятно, сезонность региона"
42,2024-04,0.3565266308535923,30,,False,Кемеровская область,
53,2024-09,0.35594809959633494,21,,False,Новгородская область,
73,2024-11,0.3555690241488868,21,,False,Ульяновская область,
72,2024-09,0.355305231499028,24,,False,Тюменская область,
22,2024-04,0.35530481511467793,65,,False,Алтайский край,
67,2024-10,0.35390655460052733,27,,False,Смоленская область,
44,2024-05,0.3533218875927224,28,,False,Костромская область,
24,2023-07,0.3530314539508594,51,,False,Красноярский край,
2,2023-12,0.35294571382679873,61,,False,Республика Башкортостан,
59,2024-12,0.35283786656735106,42,,False,Пермский край,
38,2023-10,0.3527839480493913,39,,False,Иркутская область,
74,2024-01,0.3527725084681854,37,,False,Челябинская область,"модель не видела января — вероятно, сезонность региона"
76,2024-08,0.352604708045579,19,,False,Ярославская область,
2,2024-11,0.3523550001820399,61,,False,Республика Башкортостан,
12,2024-12,0.35211493379533526,17,,False,Республика Марий Эл,
15,2024-07,0.3504449562104747,7,,False,Республика Северная Осетия — Алания,
58,2024-11,0.3504225504088915,25,,False,Пензенская область,
24,2023-09,0.34992102576389505,51,,False,Красноярский край,
16,2024-06,0.3488391403083477,43,,False,Республика Татарстан,
18,2024-07,0.3486612970799653,27,,False,Удмуртская Республика,
50,2024-11,0.34813458604364766,52,,False,Московская область,
68,2024-08,0.34725247012301835,24,,False,Тамбовская область,
53,2024-04,0.3470015395909455,21,,False,Новгородская область,
22,2024-07,0.34696408137020357,65,,False,Алтайский край,
37,2024-04,0.34636800818367797,26,,False,Ивановская область,
28,2024-02,0.34620012046496457,19,,False,Амурская область,
77,2024-06,0.3460718932850231,144,,False,Москва,
52,2024-08,0.3455511381917996,50,,False,Нижегородская область,
56,2023-07,0.3454716390136495,39,,False,Оренбургская область,
63,2024-09,0.3444695821009089,36,,False,Самарская область,
26,2023-10,0.34241766790355943,33,,False,Ставропольский край,
55,2024-12,0.342157342823734,33,,False,Омская область,
16,2024-07,0.3420869147068241,43,,False,Республика Татарстан,
30,2024-07,0.3420370807733149,11,,False,Астраханская область,
33,2023-07,0.3410140443661409,18,,False,Владимирская область,
16,2023-08,0.34090614889194065,43,,False,Республика Татарстан,
64,2024-04,0.3406017931431445,39,,False,Саратовская область,
44,2024-12,0.3403111574093109,28,,False,Костромская область,
14,2024-03,0.33989400157980054,29,,False,Республика Саха (Якутия),
56,2024-01,0.339723085116216,39,,False,Оренбургская область,"модель не видела января — вероятно, сезонность региона"
11,2024-12,0.3396002857626322,20,,False,Республика Коми,
64,2023-09,0.33905311635969926,39,,False,Саратовская область,
30,2023-12,0.3386475530822429,11,,False,Астраханская область,
60,2024-04,0.3385807214154965,22,,False,Псковская область,
18,2023-08,0.33855877061573164,27,,False,Удмуртская Республика,
52,2024-01,0.3381882901716036,50,,False,Нижегородская область,"модель не видела января — вероятно, сезонность региона"
57,2023-11,0.33797959372778885,21,,False,Орловская область,
54,2023-09,0.3378463955334308,35,,False,Новосибирская область,
50,2024-08,0.337605583286432,52,,False,Московская область,
74,2023-11,0.3375963554649674,37,,False,Челябинская область,
57,2023-12,0.3375817855690939,21,,False,Орловская область,
34,2023-11,0.33736132750195225,35,,False,Волгоградская область,
67,2024-09,0.3370803808970803,27,,False,Смоленская область,
77,2024-07,0.33679167519951136,144,,False,Москва,
45,2024-10,0.3365357362669876,24,,False,Курганская область,
11,2024-03,0.33602724445024856,20,,False,Республика Коми,
24,2024-04,0.3349949088434304,51,,False,Красноярский край,
34,2024-09,0.3333227496242457,35,,False,Волгоградская область,
44,2023-12,0.3331050240291038,28,,False,Костромская область,
57,2023-07,0.3317194204338329,21,,False,Орловская область,
40,2023-12,0.3309572911802369,25,,False,Калужская область,
38,2024-08,0.330844676265937,39,,False,Иркутская область,
21,2024-04,0.3304861561649306,23,,False,Чувашская Республика,
50,2024-10,0.3303912810935762,52,,False,Московская область,
47,2023-08,0.33024480319219024,18,,False,Ленинградская область,
44,2023-07,0.3295327343908635,28,,False,Костромская область,
50,2023-07,0.3285421334752689,52,,False,Московская область,
43,2024-04,0.32815081983418853,43,,False,Кировская область,
63,2023-10,0.32769310797238566,36,,False,Самарская область,
73,2023-09,0.3276921869032407,21,,False,Ульяновская область,
54,2024-05,0.3272377158007542,35,,False,Новосибирская область,
56,2024-02,0.3271638179743831,39,,False,Оренбургская область,
52,2024-09,0.32694828821716276,50,,False,Нижегородская область,
11,2024-02,0.32631482021845365,20,,False,Республика Коми,
57,2024-03,0.3260347807739077,21,,False,Орловская область,
13,2023-08,0.32598779428014896,20,,False,Республика Мордовия,
63,2023-07,0.32551022245438394,36,,False,Самарская область,
13,2024-01,0.3254068601873752,20,,False,Республика Мордовия,"модель не видела января — вероятно, сезонность региона"
37,2023-08,0.3253360098748855,26,,False,Ивановская область,
71,2024-05,0.324401739438507,24,,False,Тульская область,
24,2024-06,0.3236605274644753,51,,False,Красноярский край,
60,2024-12,0.3230764700647494,22,,False,Псковская область,
67,2023-07,0.32266723588298307,27,,False,Смоленская область,
58,2024-02,0.32260109318560365,25,,False,Пензенская область,
50,2023-09,0.32241220242592084,52,,False,Московская область,
10,2023-08,0.32239215435141066,18,,False,Республика Карелия,
62,2024-04,0.321933946643825,26,,False,Рязанская область,
57,2023-08,0.3210929007554419,21,,False,Орловская область,
35,2024-09,0.3203701113616427,25,,False,Вологодская область,
12,2023-10,0.3202266265015517,17,,False,Республика Марий Эл,
44,2023-09,0.3201299520365478,28,,False,Костромская область,
16,2024-09,0.3197345278307122,43,,False,Республика Татарстан,
24,2024-12,0.31913554474442113,51,,False,Красноярский край,
62,2024-01,0.3181199138498571,26,,False,Рязанская область,"модель не видела января — вероятно, сезонность региона"
68,2024-12,0.3176203067368312,24,,False,Тамбовская область,
34,2023-09,0.31650304601756374,35,,False,Волгоградская область,
68,2023-12,0.3163591764325215,24,,False,Тамбовская область,
37,2023-09,0.31555221323796917,26,,False,Ивановская область,
74,2023-09,0.31552332764921853,37,,False,Челябинская область,
34,2024-10,0.31524342632126534,35,,False,Волгоградская область,
43,2024-02,0.3148706858177586,43,,False,Кировская область,
52,2023-08,0.3148033211888914,50,,False,Нижегородская область,
66,2024-03,0.3146970390577517,64,,False,Свердловская область,
66,2024-04,0.3141643365782777,64,,False,Свердловская область,
55,2024-03,0.3136306026720492,33,,False,Омская область,
58,2024-04,0.31334995395643006,25,,False,Пензенская область,
70,2024-03,0.31279655792149635,19,,False,Томская область,
2,2023-07,0.31234401020174685,61,,False,Республика Башкортостан,
44,2024-03,0.3098080308813903,28,,False,Костромская область,
43,2023-10,0.3091259404509811,43,,False,Кировская область,
56,2024-11,0.30760175410220275,39,,False,Оренбургская область,
77,2024-01,0.3074968974981135,144,,False,Москва,"модель не видела января — вероятно, сезонность региона"
40,2024-05,0.30744320467015696,25,,False,Калужская область,
73,2024-05,0.30727989566650993,21,,False,Ульяновская область,
74,2024-10,0.3072584337926698,37,,False,Челябинская область,
69,2024-06,0.3069212500553775,37,,False,Тверская область,
53,2023-11,0.30667399422926145,21,,False,Новгородская область,
63,2024-02,0.30659413870757823,36,,False,Самарская область,
52,2024-03,0.3061969853379702,50,,False,Нижегородская область,
53,2024-08,0.30596592659859245,21,,False,Новгородская область,
2,2024-07,0.30583406463413937,61,,False,Республика Башкортостан,
67,2024-12,0.30473920553922873,27,,False,Смоленская область,
76,2024-03,0.30455644986084224,19,,False,Ярославская область,
66,2024-08,0.30428777527880707,64,,False,Свердловская область,
12,2024-11,0.30414532923974835,17,,False,Республика Марий Эл,
62,2023-08,0.3038080531300255,26,,False,Рязанская область,
78,2023-08,0.3037836825543049,98,,False,Санкт-Петербург,
66,2024-09,0.30303152177126785,64,,False,Свердловская область,
64,2024-07,0.3026072640007811,39,,False,Саратовская область,
42,2023-07,0.3017516902719561,30,,False,Кемеровская область,
37,2024-12,0.30055372813914666,26,,False,Ивановская область,
59,2024-02,0.2989698227642495,42,,False,Пермский край,
73,2024-09,0.296601066167176,21,,False,Ульяновская область,
54,2024-04,0.29649333459818955,35,,False,Новосибирская область,
25,2024-10,0.29604463419791616,33,,False,Приморский край,
45,2023-12,0.2955349576432068,24,,False,Курганская область,
77,2023-08,0.29548448878604605,144,,False,Москва,
40,2023-08,0.2952476421304326,25,,False,Калужская область,
60,2024-02,0.2947586662355612,22,,False,Псковская область,
60,2024-01,0.29432671275674355,22,,False,Псковская область,"модель не видела января — вероятно, сезонность региона"
86,2024-03,0.2939781953319348,22,,False,Ханты-Мансийский автономный округ — Югра,
2,2023-10,0.2939581155317826,61,,False,Республика Башкортостан,
12,2024-03,0.29372977183958016,17,,False,Республика Марий Эл,
43,2024-03,0.29343690161174385,43,,False,Кировская область,
63,2023-12,0.29343025348177065,36,,False,Самарская область,
72,2024-10,0.29267243202292126,24,,False,Тюменская область,
50,2024-02,0.29256797804335943,52,,False,Московская область,
22,2023-11,0.29091483386538824,65,,False,Алтайский край,
35,2024-07,0.29065013417193547,25,,False,Вологодская область,
43,2024-07,0.2888332327040643,43,,False,Кировская область,
54,2023-11,0.28842143172132884,35,,False,Новосибирская область,
69,2024-01,0.28813760007761324,37,,False,Тверская область,"модель не видела января — вероятно, сезонность региона"
52,2024-02,0.28787144701410255,50,,False,Нижегородская область,
72,2024-08,0.28719815734839166,24,,False,Тюменская область,
16,2023-11,0.287110455685064,43,,False,Республика Татарстан,
73,2024-08,0.28671367090058003,21,,False,Ульяновская область,
2,2024-05,0.2848340155340415,61,,False,Республика Башкортостан,
74,2024-12,0.2846222449879656,37,,False,Челябинская область,
40,2024-11,0.2828000226513454,25,,False,Калужская область,
43,2023-08,0.2817024684691016,43,,False,Кировская область,
59,2023-08,0.28164268679440246,42,,False,Пермский край,
33,2024-03,0.2816025491083023,18,,False,Владимирская область,
34,2024-02,0.28144366823771555,35,,False,Волгоградская область,
63,2023-11,0.2802326620046587,36,,False,Самарская область,
24,2024-11,0.2788532109978859,51,,False,Красноярский край,
40,2023-11,0.2779044990267667,25,,False,Калужская область,
35,2024-03,0.27769767634731585,25,,False,Вологодская область,
12,2024-10,0.2776853279474122,17,,False,Республика Марий Эл,
53,2023-10,0.2774720376591658,21,,False,Новгородская область,
37,2024-05,0.2772120472926961,26,,False,Ивановская область,
45,2024-09,0.277197721045867,24,,False,Курганская область,
55,2024-04,0.27654198538100916,33,,False,Омская область,
63,2024-01,0.2743011600228742,36,,False,Самарская область,"модель не видела января — вероятно, сезонность региона"
34,2023-12,0.2737577405387568,35,,False,Волгоградская область,
48,2024-08,0.2718665941327622,18,,False,Липецкая область,
16,2023-10,0.2716688836056236,43,,False,Республика Татарстан,
56,2023-12,0.27016079122502373,39,,False,Оренбургская область,
37,2024-02,0.26894684079675163,26,,False,Ивановская область,
22,2024-08,0.2687951977855456,65,,False,Алтайский край,
2,2023-11,0.2682926416734205,61,,False,Республика Башкортостан,
53,2024-12,0.2680604552130212,21,,False,Новгородская область,
62,2024-03,0.2676518461944695,26,,False,Рязанская область,
67,2023-11,0.26731882562682285,27,,False,Смоленская область,
43,2024-10,0.266967889926501,43,,False,Кировская область,
78,2023-09,0.2665061330705454,98,,False,Санкт-Петербург,
64,2024-06,0.2658339120131931,39,,False,Саратовская область,
45,2023-10,0.26560224554117706,24,,False,Курганская область,
76,2023-11,0.26482508281909284,19,,False,Ярославская область,
59,2024-07,0.26450096545138313,42,,False,Пермский край,
57,2023-10,0.2644154857447042,21,,False,Орловская область,
39,2024-04,0.26379494843794865,19,,False,Калининградская область,
77,2024-11,0.2636883969391383,144,,False,Москва,
22,2024-12,0.2633927102071478,65,,False,Алтайский край,
68,2024-11,0.2632074902044541,24,,False,Тамбовская область,
45,2024-02,0.2630233758345588,24,,False,Курганская область,
44,2023-11,0.262300587572064,28,,False,Костромская область,
52,2023-12,0.26213636988482236,50,,False,Нижегородская область,
63,2024-12,0.2618729293092275,36,,False,Самарская область,
18,2024-04,0.2608567154563489,27,,False,Удмуртская Республика,
52,2024-05,0.2603295129273589,50,,False,Нижегородская область,
68,2024-02,0.2600862017592427,24,,False,Тамбовская область,
66,2023-11,0.2592130984230104,64,,False,Свердловская область,
22,2024-11,0.25714341613901487,65,,False,Алтайский край,
37,2024-11,0.25707036722331755,26,,False,Ивановская область,
66,2024-10,0.25622327543588425,64,,False,Свердловская область,
60,2023-11,0.25178657248095027,22,,False,Псковская область,
59,2024-03,0.25103518914382106,42,,False,Пермский край,
40,2024-04,0.2496048520113883,25,,False,Калужская область,
37,2024-06,0.2485089580013596,26,,False,Ивановская область,
45,2024-03,0.2477397354480046,24,,False,Курганская область,
37,2024-03,0.24762278425525686,26,,False,Ивановская область,
71,2024-01,0.24694155688482392,24,,False,Тульская область,"модель не видела января — вероятно, сезонность региона"
74,2024-02,0.24487040749693798,37,,False,Челябинская область,
33,2024-06,0.24468767179768666,18,,False,Владимирская область,
22,2023-09,0.24425819922378225,65,,False,Алтайский край,
52,2024-10,0.2430402914884499,50,,False,Нижегородская область,
16,2024-11,0.24284491558808569,43,,False,Республика Татарстан,
57,2024-02,0.24187127514708645,21,,False,Орловская область,
13,2023-07,0.24137328476251577,20,,False,Республика Мордовия,
59,2024-11,0.24099349210592894,42,,False,Пермский край,
70,2024-10,0.24025984995472024,19,,False,Томская область,
57,2023-09,0.23833940345511068,21,,False,Орловская область,
56,2024-06,0.23803935946147808,39,,False,Оренбургская область,
73,2023-08,0.2377666028175611,21,,False,Ульяновская область,
59,2024-08,0.2344766496068177,42,,False,Пермский край,
37,2024-09,0.23305314765891522,26,,False,Ивановская область,
48,2024-06,0.23304063372951048,18,,False,Липецкая область,
59,2024-04,0.23292280386240255,42,,False,Пермский край,
62,2024-07,0.23171935734468893,26,,False,Рязанская область,
34,2023-10,0.23155202612907216,35,,False,Волгоградская область,
66,2023-09,0.23051410438544884,64,,False,Свердловская область,
52,2024-12,0.23021710081202243,50,,False,Нижегородская область,
67,2024-02,0.22996081625247308,27,,False,Смоленская область,
29,2024-12,0.2287985751722719,22,,False,Архангельская область,
64,2024-09,0.2280148828715774,39,,False,Саратовская область,
22,2024-05,0.22784819097177353,65,,False,Алтайский край,
74,2024-04,0.22655509761282122,37,,False,Челябинская область,
77,2023-10,0.22647545424112525,144,,False,Москва,
69,2024-11,0.2257141176270329,37,,False,Тверская область,
58,2024-10,0.22458113546255273,25,,False,Пензенская область,
74,2024-09,0.22385558165567596,37,,False,Челябинская область,
62,2024-08,0.22348919936111247,26,,False,Рязанская область,
59,2023-10,0.22273283323147405,42,,False,Пермский край,
16,2023-09,0.21923854421826294,43,,False,Республика Татарстан,
64,2023-08,0.2191026778044765,39,,False,Саратовская область,
73,2024-02,0.21771385495759824,21,,False,Ульяновская область,
59,2023-11,0.21607306614751723,42,,False,Пермский край,
68,2023-10,0.21602821633319236,24,,False,Тамбовская область,
12,2024-05,0.21435681143793822,17,,False,Республика Марий Эл,
77,2024-05,0.21395958204555157,144,,False,Москва,
16,2024-10,0.21361031169481304,43,,False,Республика Татарстан,
73,2024-12,0.21236944441452477,21,,False,Ульяновская область,
13,2024-10,0.2108112010556997,20,,False,Республика Мордовия,
21,2024-07,0.21044378817992918,23,,False,Чувашская Республика,
64,2023-07,0.20964580074832068,39,,False,Саратовская область,
69,2024-10,0.20732619739118321,37,,False,Тверская область,
21,2024-11,0.20608188267053942,23,,False,Чувашская Республика,
64,2023-10,0.20546988653346981,39,,False,Саратовская область,
64,2024-10,0.20536979072264633,39,,False,Саратовская область,
68,2023-08,0.20323036700079883,24,,False,Тамбовская область,
73,2024-07,0.20140820803896664,21,,False,Ульяновская область,
74,2024-11,0.19997622961001482,37,,False,Челябинская область,
58,2024-03,0.19936393850121673,25,,False,Пензенская область,
34,2024-06,0.19768401233313102,35,,False,Волгоградская область,
21,2024-10,0.19758915449642853,23,,False,Чувашская Республика,
38,2024-04,0.19661197194191343,39,,False,Иркутская область,
40,2024-01,0.19449270509151168,25,,False,Калужская область,"модель не видела января — вероятно, сезонность региона"
69,2024-03,0.1941966418776016,37,,False,Тверская область,
45,2024-11,0.1939592583491364,24,,False,Курганская область,
74,2024-03,0.19192121908894036,37,,False,Челябинская область,
56,2023-11,0.19110196475950486,39,,False,Оренбургская область,
16,2024-04,0.1904363879560733,43,,False,Республика Татарстан,
2,2024-09,0.18964189435172912,61,,False,Республика Башкортостан,
64,2024-12,0.1880063562888843,39,,False,Саратовская область,
64,2024-11,0.18735077823311522,39,,False,Саратовская область,
70,2024-07,0.18583636163180434,19,,False,Томская область,
37,2024-10,0.18541908765420484,26,,False,Ивановская область,
53,2024-10,0.18494443903860078,21,,False,Новгородская область,
52,2024-07,0.1835064733302121,50,,False,Нижегородская область,
58,2024-08,0.18255531094822658,25,,False,Пензенская область,
68,2024-06,0.17331797284478248,24,,False,Тамбовская область,
22,2024-06,0.1672334240495144,65,,False,Алтайский край,
53,2024-02,0.16475616702206336,21,,False,Новгородская область,
12,2023-08,0.16441960355903845,17,,False,Республика Марий Эл,
77,2023-12,0.15808223581506028,144,,False,Москва,
63,2024-10,0.15646913158404735,36,,False,Самарская область,
56,2024-10,0.15633152496413827,39,,False,Оренбургская область,
73,2024-06,0.14389105854691064,21,,False,Ульяновская область,
58,2023-10,0.14289439267278733,25,,False,Пензенская область,
64,2024-08,0.1371870889452722,39,,False,Саратовская область,
69,2024-12,0.13297058988295654,37,,False,Тверская область,
44,2024-10,0.13142533301654097,28,,False,Костромская область,
66,2024-02,0.13031104661329604,64,,False,Свердловская область,
64,2024-02,0.11983689244587355,39,,False,Саратовская область,
44,2024-11,0.10799293452114277,28,,False,Костромская область,
2,2024-03,0.10716304289970376,61,,False,Республика Башкортостан,
72,2024-03,0.08544728387222664,24,,False,Тюменская область,
