territory_id,month,topk,mahal,iforest,combo,score,надёжность,уровень,score_window,постепенный,главная категория,главное,тип,z: Все категории,z: Здоровье,z: Маркетплейсы,z: Общественное питание,z: Продовольствие,z: Транспорт,МО,регион,новости,статей,к обычному,тип события,заголовки
726,2023-07,6.911981419759515,15.404528776098552,0.7372175873748811,1.0,1.0,ниже: обучение < 12 мес.,шок,0.9996417548500882,False,Все категории,Все категории +10%; Общественное питание +65%; Здоровье +49%,сдвиг уровня,8.44,3.55,1.21,7.71,2.65,0.58,Эвенкийский,Красноярский край,объяснения не найдено,2.0,1.495605468450265,,В «Восточно-Сибирской нефтегазовой компании» оценили экономический эффект инноваций - Газета.Ru | Новости | В Сибири десантника-пожарного унесла река
1955,2024-05,6.712993979211277,14.751831201245714,0.7597780522092087,0.999972442680776,0.999972442680776,,шок,0.9994488536155203,False,Транспорт,Транспорт -30%; Все категории -16%; Продовольствие -17%,сдвиг уровня,-7.28,0.12,1.21,-2.96,-5.25,-7.39,Анивский,Сахалинская область,объяснения не найдено,0.0,0.5078238169489452,,
916,2023-08,5.7060327930942725,14.974255041329751,0.6960747171063196,0.999972442680776,0.999972442680776,ниже: обучение < 12 мес.,шок,0.9196979717813051,False,Все категории,Все категории -13%; Здоровье -21%; Общественное питание -12%,нарастающий,-8.0,-4.82,0.9,-3.23,-1.08,-0.13,Нарьян-Мар,Ненецкий автономный округ,объяснения не найдено,3.0,1.285857355419144,,"В Нарьян-Маре при проведении акции ""Чистые игры"" собрали около 100 тонн отходов | В Нарьян-Маре акция «Чистая Арктика» впервые прошла в формате командных соревнований - Газета.Ru | Новости | Россиянин организовал курсы БДСМ для 13-летних девочек и был задержан"
726,2023-09,5.168632290935927,11.891207155464478,0.6919203541769303,0.999917328042328,0.999917328042328,ниже: обучение < 12 мес.,шок,0.999972442680776,False,Все категории,Все категории -23%; Общественное питание -48%; Здоровье -27%,сдвиг уровня,-7.61,-2.46,-2.08,-4.02,-1.76,-1.92,Эвенкийский,Красноярский край,объяснения не найдено,0.0,0.5181637115750033,,
916,2023-09,4.9318811781228895,12.83865879005701,0.6167917920144247,0.999917328042328,0.999917328042328,ниже: обучение < 12 мес.,шок,1.0,False,Все категории,Все категории -16%; Маркетплейсы -19%,сдвиг уровня,-7.91,-0.46,-2.98,-1.23,-0.74,-0.61,Нарьян-Мар,Ненецкий автономный округ,объяснения не найдено,4.0,1.6443949437978156,,"В Казани изменят количество авиарейсов в Ханты-Мансийск, Нарьян-Мар, Петрозаводск и Горно-Алтайск | В Нарьян-Маре произошел пожар в расселенном доме | Инспектор ДПС помогал мошенникам вымогать деньги по схеме с вымышленным ДТП - Газета.Ru | Новости | Российского полицейского заподозрили в помощи телефонным мошенникам"
618,2023-12,5.096168764947737,12.006962042334429,0.6766630693144854,0.999889770723104,0.999889770723104,ниже: обучение < 12 мес.,шок,0.9977678571428571,False,Общественное питание,Общественное питание -50%; Маркетплейсы -39%; Продовольствие -1%,сдвиг уровня,-1.88,-0.21,-4.22,-7.34,-2.49,-0.15,Карагинский,Камчатский край,объяснения не найдено,1.0,1.8259506127594451,,На Камчатке направили 68 млн рублей на благоустройство северных сел
343,2023-07,4.576871392306118,12.790190423513517,0.6168004717248582,0.999889770723104,0.999889770723104,ниже: обучение < 12 мес.,шок,0.9986221340388007,False,Транспорт,Транспорт +56%; Все категории -5%,разовый,-3.16,-1.73,0.05,-0.25,-0.33,7.06,Чурапчинский,Республика Саха (Якутия),объяснения не найдено,0.0,1.0,,
226,2023-11,5.022105005539828,11.672821757489446,0.6641396595822021,0.99986221340388,0.99986221340388,ниже: обучение < 12 мес.,шок,0.9984016754850088,False,Маркетплейсы,Маркетплейсы -34%; Все категории -11%; Здоровье -15%,разовый,-3.32,-2.66,-7.59,0.47,0.59,-1.5,Вуктыл,Республика Коми,объяснения не найдено,0.0,1.0,,
1201,2023-09,4.997885133099673,12.696067268013234,0.6372508631493576,0.99986221340388,0.99986221340388,ниже: обучение < 12 мес.,шок,0.8963844797178131,False,Маркетплейсы,Маркетплейсы -30%; Транспорт -31%,разовый,-1.12,0.91,-7.42,-1.0,-0.05,-4.31,Барятинский,Калужская область,объяснения не найдено,0.0,1.0,,
343,2023-08,4.736638621907585,12.35821248433672,0.58748836609382,0.999834656084656,0.999834656084656,ниже: обучение < 12 мес.,шок,0.9566247795414462,False,Транспорт,Транспорт -22%,нарастающий,0.59,1.75,1.59,1.72,0.0,-7.83,Чурапчинский,Республика Саха (Якутия),объяснения не найдено,3.0,3.714631256099261,,"В Чурапчинском районе Якутии обнаружили останки древних животных | В российском регионе нашли останки древнего бобра, рыси и росомахи | В малых поселениях Якутии в рамках акции ""Ночь кино"" открылись 15 кинозалов"
402,2023-11,4.982137481448997,11.328273133034216,0.6793382986066888,0.9998070987654321,0.9998070987654321,ниже: обучение < 12 мес.,шок,0.998015873015873,False,Общественное питание,Общественное питание -29%; Транспорт -16%,разовый,-0.99,0.73,0.56,-6.84,-1.77,-4.96,Барун-Хемчикский,Республика Тыва,объяснения не найдено,0.0,1.0,,
314,2023-07,4.331784116937736,11.905277859120108,0.5967609779122756,0.9997795414462081,0.9997795414462081,ниже: обучение < 12 мес.,шок,0.997960758377425,False,Транспорт,Транспорт +26%; Все категории -8%,сдвиг уровня,-2.45,-1.96,0.0,-1.16,-0.47,6.81,Амгинский,Республика Саха (Якутия),объяснения не найдено,0.0,1.0,,
1178,2023-07,4.912600160924851,11.221031126368553,0.6315032368130153,0.9997519841269841,0.9997519841269841,ниже: обучение < 12 мес.,шок,0.9975749559082893,False,Здоровье,Здоровье -30%; Все категории -16%,разовый,-2.8,-7.86,-1.32,-1.69,-1.49,0.92,Мамоновский,Калининградская область,объяснения не найдено,1.0,0.9963564831238629,,"Альбом Петра Мамонова ""Фиолетовая черепаха"" выйдет в годовщину его смерти 15 июля"
1267,2024-02,4.8424429008604415,11.854639198287915,0.5446051937818284,0.9997244268077602,0.9997244268077602,,шок,0.9962522045855379,False,Маркетплейсы,Маркетплейсы +1054%,сдвиг уровня,1.68,0.35,8.17,-0.88,-0.17,-0.54,Богородский,Кировская область,нет в словаре упоминаний,,,,
764,2023-10,4.903703012822115,11.803716895613354,0.5631628361465861,0.9997244268077602,0.9997244268077602,ниже: обучение < 12 мес.,шок,0.9913470017636684,False,Здоровье,Здоровье -38%,сдвиг уровня,-1.25,-8.19,0.77,1.89,-0.87,-0.51,Частинский,Пермский край,объяснения не найдено,0.0,1.0,,
726,2023-08,3.7984199876907936,11.847328654776309,0.6076831290643001,0.9996968694885362,0.9996968694885362,ниже: обучение < 12 мес.,шок,0.9997519841269841,False,Все категории,Все категории -10%; Общественное питание +14%,нарастающий,-5.1,-0.99,0.01,3.92,-0.69,1.38,Эвенкийский,Красноярский край,объяснения не найдено,3.0,1.9417959482019205,,В Эвенкийском районе Красноярского края сняли режим ЧС для борьбы с пожарами в лесах | Потерявшиеся в Бурятии мужчина и подросток самостоятельно вышли из леса | На севере Красноярского края произошел разлив нефтепродуктов
218,2024-09,4.789888778053231,10.948382149516506,0.6092168622062071,0.9996693121693122,0.9996693121693122,,шок,0.9978229717813051,False,Здоровье,Здоровье -25%; Транспорт -19%,сдвиг уровня,-1.97,-7.79,0.77,-1.1,-1.75,-2.06,Прионежский,Республика Карелия,объяснения не найдено,0.0,0.5179905266766754,,
2095,2023-07,4.603436658774,11.809228865380948,0.5504210365115617,0.9996693121693122,0.9996693121693122,ниже: обучение < 12 мес.,шок,0.9975198412698413,False,Общественное питание,Общественное питание +9600%,сдвиг уровня,-1.32,0.47,-0.73,7.79,-0.88,-1.1,Сосновский,Тамбовская область,нет в словаре упоминаний,,,,
339,2023-07,4.7436975281274005,11.758448645076776,0.5669222919179673,0.9996417548500882,0.9996417548500882,ниже: обучение < 12 мес.,шок,0.9971891534391535,False,Маркетплейсы,Маркетплейсы -53%,разовый,-1.43,-0.03,-7.97,-1.37,-0.9,0.56,Усть-Алданский,Республика Саха (Якутия),объяснения не найдено,1.0,1.9305372366861644,,Житель Якутии пойдет под суд за вырубку 100 деревьев
35,2023-12,4.739176998558176,11.793145778354646,0.548752175021053,0.9996141975308642,0.9996141975308642,ниже: обучение < 12 мес.,шок,0.6889054232804233,False,Общественное питание,Общественное питание +88%; Продовольствие -5%,сдвиг уровня,0.11,0.24,-0.31,7.93,-2.04,-0.61,Баймакский,Республика Башкортостан,объяснения не найдено,7.0,2.371386896527903,,"Две женщины упали в мазутную яму в Башкирии | Две женщины в Башкирии упали в мазутную яму, одна погибла | Жительница Башкирии скончалась после падения в мазутную яму | 360° | У молодожёнов из Башкирии потерялся сертификат на квартиру"
54,2024-05,4.662757693653731,11.761521566172707,0.5794621834787719,0.9995866402116402,0.9995866402116402,,шок,0.9962246472663139,False,Общественное питание,Общественное питание -52%,сдвиг уровня,0.43,-0.29,-0.73,-7.94,1.16,0.89,Зилаирский,Республика Башкортостан,объяснения не найдено,0.0,1.0,,
2880,2023-09,4.728090310041857,10.558723468080993,0.6837881613102144,0.9995590828924162,0.9995590828924162,ниже: обучение < 12 мес.,шок,0.9977678571428571,False,Транспорт,Транспорт -30%; Общественное питание -37%; Все категории -13%,сдвиг уровня,-3.3,1.03,-0.32,-4.31,-0.28,-6.13,Лабытнанги,Ямало-Ненецкий автономный округ,объяснения не найдено,9.0,1.1184050312710119,,"На Ямале приостановили работу паромной переправы Салехард - Лабытнанги | В Лабытнанги снова загорелась свалка, осложняющая жизнь города | Движение паромов на переправе Салехард — Лабытнанги возобновлено | Паромная переправа Салехард — Лабытнанги приостановила работу из-за непогоды"
35,2024-05,4.723700138909172,11.724833343555872,0.5876589566626033,0.9995315255731922,0.9995315255731922,,шок,0.9985670194003528,False,Общественное питание,Общественное питание -41%,сдвиг уровня,0.05,-0.4,0.43,-7.94,1.91,0.3,Баймакский,Республика Башкортостан,объяснения не найдено,3.0,1.3074282261937809,,В Башкирии загорелась кровля магазина | Пятиклассник из Башкирии поверил блогеру и лишил мать 41 тыс. рублей | Житель Башкирии погиб во время пожара в собственном доме
1118,2024-12,4.72258697913339,11.44458331153462,0.569702783183548,0.9995039682539683,0.9995039682539683,,шок,0.9885912698412699,False,Маркетплейсы,Маркетплейсы -22%,,-1.78,0.0,-7.95,-0.62,-0.77,0.5,Ильинский,Ивановская область,объяснения не найдено,0.0,1.0,,
1970,2024-07,4.518550914941615,11.6360664461727,0.5542387039578273,0.9994764109347443,0.9994764109347443,,шок,0.9996693121693122,False,Маркетплейсы,Маркетплейсы +18%,сдвиг уровня,0.77,1.45,7.64,-0.29,-0.88,0.85,Южно-Курильский,Сахалинская область,нет в словаре упоминаний,,,,
429,2023-10,4.445985680257085,11.454323643199082,0.5559294417792109,0.9994488536155203,0.9994488536155203,ниже: обучение < 12 мес.,шок,0.9893904320987654,False,Продовольствие,Продовольствие -16%,сдвиг уровня,-1.77,-0.16,0.08,0.32,-7.48,-0.47,Дебёсский,Удмуртская Республика,объяснения не найдено,1.0,1.9813136627619836,,Карантин ввели в Дебесском районе Удмуртии из-за опасных жуков
402,2024-12,4.6396943548553935,11.158846188288653,0.5357876170163123,0.9994488536155203,0.9994488536155203,,шок,0.9955632716049383,False,Здоровье,Здоровье -72%,,-0.37,-7.95,-0.18,-0.69,0.93,-0.32,Барун-Хемчикский,Республика Тыва,объяснения не найдено,0.0,1.0,,
1568,2024-12,4.611907145469988,11.380319335742815,0.5814132227498076,0.9994212962962963,0.9994212962962963,,шок,0.9983190035273368,False,Общественное питание,Общественное питание -63%,,-0.68,0.27,0.02,-7.87,1.17,0.55,Сосновский,Нижегородская область,нет в словаре упоминаний,,,,
1305,2024-06,4.595638273193203,9.567184206142755,0.675646867472534,0.9993661816578483,0.9993661816578483,,шок,0.999972442680776,False,Все категории,Все категории -15%; Продовольствие -19%; Здоровье -30%,сдвиг уровня,-6.08,-3.09,-1.85,-0.68,-4.1,-0.55,Волгореченск,Костромская область,объяснения не найдено,0.0,1.0,,
2250,2023-09,4.589294183826681,10.671506922725614,0.682652111482564,0.9993386243386243,0.9993386243386243,ниже: обучение < 12 мес.,шок,0.99986221340388,False,Транспорт,Транспорт -45%; Все категории -22%; Маркетплейсы -26%,сдвиг уровня,-4.55,-0.43,-2.21,-2.14,0.33,-6.13,Ямальский,Ямало-Ненецкий автономный округ,объяснения не найдено,2.0,2.8751938074079213,,"На Ямале поймали, усыпили и увезли в национальный парк медведя, кошмарившего местных жителей | В российском регионе обнаружили древние жилища каменного века"
902,2023-10,4.467976180669124,11.1886220569573,0.5736867640333779,0.9993110670194003,0.9993110670194003,ниже: обучение < 12 мес.,шок,0.9786430776014109,False,Здоровье,Здоровье -30%,сдвиг уровня,-0.33,-7.43,-0.78,1.21,1.69,1.33,Коношский,Архангельская область,объяснения не найдено,0.0,1.0,,
416,2023-11,4.568305195239324,10.684730356481444,0.645088720934676,0.9992835097001763,0.9992835097001763,ниже: обучение < 12 мес.,шок,0.9996968694885362,False,Общественное питание,Общественное питание +36%; Все категории +21%,разовый,5.45,0.78,1.62,5.5,0.47,0.18,Чеди-Хольский,Республика Тыва,объяснения не найдено,0.0,1.0,,
2054,2024-04,4.503139783961633,11.151277269185806,0.5809505051756236,0.9992559523809523,0.9992559523809523,,шок,0.9820050705467372,False,Общественное питание,Общественное питание -58%,сдвиг уровня,0.39,1.16,0.11,-7.61,-0.77,-1.29,Ершичский,Смоленская область,объяснения не найдено,0.0,,,
618,2023-08,4.514247674735093,10.000808482871653,0.6619612635414636,0.9992283950617284,0.9992283950617284,ниже: обучение < 12 мес.,шок,0.9993110670194003,False,Здоровье,Здоровье +37%; Все категории +9%; Продовольствие +7%,разовый,4.34,6.01,0.0,0.0,2.48,0.0,Карагинский,Камчатский край,объяснения не найдено,1.0,1.9048770853664205,,На Камчатке на реке Оссоре зафиксировали самый массовый за десятилетие нерестовый подход
451,2023-07,4.296517244658757,11.04556490630356,0.6043387786179126,0.9992283950617284,0.9992283950617284,ниже: обучение < 12 мес.,шок,0.996114417989418,False,Маркетплейсы,Маркетплейсы -19%; Здоровье +21%,разовый,-0.7,2.37,-6.94,-1.27,1.12,0.02,Сорск,Республика Хакасия,объяснения не найдено,1.0,1.9305372366861644,,В Хакасии жители пожаловались на детскую площадку «для бессмертных»
2120,2023-07,4.289023328536682,10.921399164321327,0.5286821379775235,0.9991732804232805,0.9991732804232805,ниже: обучение < 12 мес.,шок,0.9959215167548501,False,Маркетплейсы,Маркетплейсы +20%,разовый,0.78,-0.03,7.38,0.33,0.38,-0.26,Калязинский,Тверская область,объяснения не найдено,0.0,1.0,,
1956,2024-01,4.502270354079422,10.12441265441875,0.6525405951044578,0.9991732804232805,0.9991732804232805,,шок,0.9991181657848325,False,Транспорт,Транспорт -32%; Общественное питание -37%; Здоровье -31%,разовый,-1.22,-2.96,-1.3,-4.13,-1.14,-5.92,Долинский,Сахалинская область,новостной всплеск,10.0,5.075713907489942,,В Долинском районе Сахалинской области объявили предупреждение о лавинной опасности | На Сахалине из-за циклона частично нарушилось автомобильное сообщение | На Сахалине пьяный подросток поругался с бездомным и сжёг его заживо | На Сахалине пьяный подросток заживо сжег бездомного мужчину
326,2023-07,3.701537809018977,10.878556182113753,0.6408493311200439,0.9991457231040565,0.9991457231040565,ниже: обучение < 12 мес.,шок,0.9964451058201058,False,Транспорт,Транспорт +22%; Все категории -7%,сдвиг уровня,-4.21,-1.94,-0.69,-1.22,0.0,4.43,Мегино-Кангаласский,Республика Саха (Якутия),объяснения не найдено,1.0,1.9305372366861644,,Водитель иномарки насмерть сбил 24-летнего велосипедиста в Якутии
228,2023-09,4.207859803436459,10.85586098517782,0.6493217303375214,0.9991181657848325,0.9991181657848325,ниже: обучение < 12 мес.,шок,0.9966655643738977,False,Все категории,Все категории -16%; Транспорт -27%; Маркетплейсы -8%,сдвиг уровня,-6.09,0.12,-2.3,-1.33,0.32,-3.28,Усинск,Республика Коми,объяснения не найдено,3.0,1.2827484181478446,,Пьяному поджигателю здания ФСБ в Коми грозит до 20 лет колонии | Поджегший здание УФСБ россиянин предстанет перед судом по статье о теракте | Рейс Бугульма — Усинск вернулся в Татарстан из-за утечки топлива
2345,2023-09,4.438627065753083,10.152486247786767,0.6436790965641788,0.9990906084656085,0.9990906084656085,ниже: обучение < 12 мес.,шок,0.9953152557319224,False,Транспорт,Транспорт -26%; Общественное питание -41%; Маркетплейсы -26%,нарастающий,-1.16,-0.61,-2.56,-4.45,-0.57,-5.72,Эгвекинот,Чукотский автономный округ,нет в словаре упоминаний,,,,
2134,2024-05,4.366996824846668,10.783441767179252,0.5761524965507091,0.9990906084656085,0.9990906084656085,,шок,0.9223159171075838,False,Маркетплейсы,Маркетплейсы -32%,сдвиг уровня,-1.44,1.61,-7.25,0.65,-0.47,-0.2,Рамешковский,Тверская область,объяснения не найдено,0.0,1.0,,
323,2023-08,4.031309018623118,10.698920478440916,0.636416186230608,0.9990630511463845,0.9990630511463845,ниже: обучение < 12 мес.,шок,0.9919808201058201,False,Продовольствие,Продовольствие -14%; Общественное питание +22%,сдвиг уровня,-1.71,-1.45,-1.53,2.62,-6.24,0.45,Кобяйский,Республика Саха (Якутия),объяснения не найдено,1.0,1.9048770853664205,,Житель Якутии ожидает суда за незаконную вырубку леса
2882,2023-08,4.4253164533427904,10.555280680770016,0.6840716710145354,0.9990630511463845,0.9990630511463845,ниже: обучение < 12 мес.,шок,0.9421296296296297,False,Общественное питание,Общественное питание -13%; Здоровье -19%; Транспорт -9%,нарастающий,-0.47,-4.41,-0.77,-4.69,1.57,-4.15,Пуровский,Ямало-Ненецкий автономный округ,объяснения не найдено,5.0,1.4007272023694797,,В Тарко-Сале 2 сентября пройдет бесплатный концерт «Дискотеки Аварии» | Два новых микрорайона появятся в Тарко-Сале | 360° | Экстремальная велогонка состоялась 6 августа в Тарко-Сале | 360° | Мужчина угнал машину и устроил ДТП в Тарко-Сале | 360°
720,2023-07,4.409291067808947,10.028514892776943,0.7311598061030902,0.9990354938271605,0.9990354938271605,ниже: обучение < 12 мес.,шок,0.9952601410934744,False,Общественное питание,Общественное питание +57%; Транспорт +90%; Здоровье +34%,сдвиг уровня,3.48,3.81,2.96,5.3,0.98,3.97,Туруханский,Красноярский край,объяснения не найдено,0.0,0.5240737830391106,,
1774,2024-05,4.370534365384359,10.583774024497831,0.6662711193167006,0.9990079365079365,0.9990079365079365,,шок,0.9990079365079365,False,Продовольствие,Продовольствие -17%; Все категории -5%; Здоровье -11%,сдвиг уровня,-3.07,-2.26,1.6,-0.09,-6.54,-2.23,Невельский,Псковская область,объяснения не найдено,0.0,0.5161032194510499,,
1959,2024-05,4.35783746071853,9.90463646538831,0.6513903383281562,0.9989528218694885,0.9989528218694885,,шок,0.9995866402116402,False,Все категории,Все категории -17%; Продовольствие -7%; Здоровье -22%,сдвиг уровня,-6.36,-2.16,-0.63,-0.19,-3.45,-2.07,Макаровский,Сахалинская область,нет в словаре упоминаний,,,,
2145,2023-09,4.288930362157411,10.522077582172855,0.6531133948440776,0.9988977072310405,0.9988977072310405,ниже: обучение < 12 мес.,шок,0.9993661816578483,False,Транспорт,Транспорт -48%; Общественное питание -55%; Здоровье -18%,нарастающий,0.16,-2.24,2.11,-4.09,0.85,-5.78,Кедровый,Томская область,нет в словаре упоминаний,,,,
1512,2024-04,4.206994838767374,10.467651385929209,0.5850612694148101,0.9988701499118166,0.9988701499118166,,шок,0.9966380070546738,False,Все категории,Все категории +11%; Продовольствие +3%,сдвиг уровня,6.66,-0.06,0.83,1.66,2.45,0.82,Ковдорский,Мурманская область,объяснения не найдено,0.0,1.0,,
685,2023-08,4.21162097042376,10.273584151366952,0.5761289495947611,0.9988425925925926,0.9988425925925926,ниже: обучение < 12 мес.,шок,0.997905643738977,False,Общественное питание,Общественное питание +190%,сдвиг уровня,1.38,0.37,1.23,6.98,-1.6,1.01,Балахтинский,Красноярский край,объяснения не найдено,0.0,1.0,,
1305,2024-05,4.244366567459922,9.289208663975307,0.665093858409382,0.9988150352733686,0.9988150352733686,,шок,0.9985119047619048,False,Продовольствие,Продовольствие -13%; Все категории -10%; Общественное питание -18%,нарастающий,-4.2,-0.92,-0.18,-2.28,-5.58,0.34,Волгореченск,Костромская область,объяснения не найдено,0.0,1.0,,
1593,2024-05,3.489584506550905,10.188293502059922,0.5238249979816763,0.9988150352733686,0.9988150352733686,,шок,0.9072696208112875,False,Продовольствие,Продовольствие -5%,нарастающий,0.21,0.3,0.43,0.0,-6.0,-0.63,Хвойнинский,Новгородская область,объяснения не найдено,0.0,1.0,,
907,2024-11,4.152117183500393,10.134499248291707,0.5740948592253626,0.9987599206349206,0.9987599206349206,,шок,0.9954530423280423,False,Маркетплейсы,Маркетплейсы -42%,сдвиг уровня,-1.59,-0.0,-6.97,0.25,0.79,0.01,Мезенский,Архангельская область,объяснения не найдено,0.0,1.0,,
1217,2023-10,4.027340209283677,10.044915589290767,0.6046952411991126,0.9987048059964727,0.9987048059964727,ниже: обучение < 12 мес.,шок,0.9887290564373897,False,Продовольствие,Продовольствие -18%; Общественное питание -28%; Здоровье -2%,сдвиг уровня,-1.69,-2.1,0.2,-2.39,-6.21,-0.23,Спас-Деменский,Калужская область,объяснения не найдено,0.0,1.0,,
2148,2024-06,4.186176079980443,9.933528694992653,0.560796190311355,0.9987048059964727,0.9987048059964727,,шок,0.9995866402116402,False,Маркетплейсы,Маркетплейсы +38%,сдвиг уровня,1.95,0.68,6.84,1.42,1.18,0.03,Александровский,Томская область,нет в словаре упоминаний,,,,
2142,2024-09,4.174513951921776,9.922532640828258,0.6505761850825196,0.9986772486772487,0.9986772486772487,,шок,0.9923941798941799,False,Маркетплейсы,Маркетплейсы -25%; Транспорт +23%; Все категории -7%,разовый,-2.96,-0.92,-5.73,0.0,-1.63,3.26,Торопецкий,Тверская область,новостной всплеск,80.0,86.27805514680122,атаки и теракты,"В Торопецком округе Тверской области ввели запрет на посещение лесов | Названо число пострадавших при атаке беспилотников на Торопец - Газета.Ru | Новости | Атака ВСУ на Торопец: удар по суперхранилищу для ракет, что известно о складе боеприпасов, что говорили в Минобороны | Трое детей и 14 взрослых пострадали из-за атаки БПЛА на Торопец"
218,2023-10,4.1267637468972955,9.78848475234893,0.6518178767272627,0.9986221340388007,0.9986221340388007,ниже: обучение < 12 мес.,шок,0.9917603615520282,False,Здоровье,Здоровье -18%; Продовольствие -14%,разовый,-1.53,-4.96,0.64,-0.66,-4.9,-1.55,Прионежский,Республика Карелия,объяснения не найдено,1.0,1.0827088974148271,,Туристов из Петербурга нашли мёртвыми в Карелии
613,2024-03,3.4712798735841406,9.95297613320282,0.5148043148658648,0.9986221340388007,0.9986221340388007,,шок,0.997933201058201,False,Продовольствие,Продовольствие +10%,сдвиг уровня,0.26,0.42,0.44,1.07,5.82,-1.09,Мильковский,Камчатский край,объяснения не найдено,0.0,0.5476599383423424,,
316,2023-07,4.1212559546379985,9.365274354666763,0.6291031913102038,0.9985945767195767,0.9985945767195767,ниже: обучение < 12 мес.,шок,0.9939649470899471,False,Общественное питание,Общественное питание +48%; Все категории +11%,сдвиг уровня,4.2,1.07,1.1,5.67,0.22,0.98,Булунский,Республика Саха (Якутия),объяснения не найдено,0.0,1.0,,
1068,2024-08,4.0848389342226055,9.744589204118295,0.5631164732082403,0.9985670194003528,0.9985670194003528,,шок,0.9965277777777778,False,Общественное питание,Общественное питание -41%,сдвиг уровня,-0.83,-0.5,-1.57,-6.85,0.27,-0.16,Устюженский,Вологодская область,объяснения не найдено,0.0,1.0,,
1309,2024-05,4.063450400375349,8.644220009554928,0.6410182795885444,0.9985394620811288,0.9985394620811288,,шок,0.9974647266313933,False,Продовольствие,Продовольствие -13%; Все категории -12%; Здоровье -30%,сдвиг уровня,-3.29,-2.98,-0.7,-0.81,-5.46,-0.63,Антроповский,Костромская область,объяснения не найдено,0.0,,,
