model,category,MAE,RMSE,WAPE,MAPE,sMAPE,ME,R2,R2_growth,n,horizon
catboost_diff_ds_g123,Все категории,1026.8556041113573,1394.4649052379348,3.359222492001085,3.72466398579308,3.773412778868187,-213.1080515105504,0.9850328568326262,0.7596786733053525,24958,1
catboost_diff_ds_g123,Здоровье,113.86208964368286,148.4237791629762,7.771210910413432,8.636871507760832,8.700260923350685,-13.564768701196787,0.9541656766986656,-0.2192423766863818,24958,1
catboost_diff_ds_g123,Маркетплейсы,463.47296073209077,684.4030829015301,9.808483942745937,11.210653776138715,10.783683971486502,-22.977252304417863,0.8336134788039256,0.003334313332046257,24958,1
catboost_diff_ds_g123,Общественное питание,79.6360968502844,131.37433699890047,6.392782323089905,10.56039702811757,10.517213018055688,-19.973003789712077,0.9902321744718279,0.18857181575368487,24958,1
catboost_diff_ds_g123,Продовольствие,399.133133119277,527.9366377058533,3.1834665421505455,3.35039291522015,3.3595387132566983,-9.927426185103155,0.9723081368395027,0.8336145185321726,24958,1
catboost_diff_ds_g123,Транспорт,81.7733607210071,112.66839744145572,4.585702578428407,5.572347022562154,5.541921848018119,-1.169122634699664,0.9863645242885462,0.36634486404771405,24958,1
catboost_diff_ds_g123r,Все категории,1027.5834791661107,1399.007646323412,3.361603639112231,3.7346705125433908,3.7815831092269914,-202.02826762642786,0.9849351812234353,0.7588835980802058,24958,1
catboost_diff_ds_g123r,Здоровье,115.41148350201864,150.08949622437729,7.876958718960651,8.722257748365537,8.794743549048176,-15.549619970562443,0.9531311332452886,-0.23684257182497803,24958,1
catboost_diff_ds_g123r,Маркетплейсы,440.5806195666379,658.3342290416817,9.324013046367151,10.65888488710259,10.20751703865417,-18.671792503275494,0.8460473745603966,0.08701891940796969,24958,1
catboost_diff_ds_g123r,Общественное питание,78.89481838440828,132.0403587975051,6.333276244055808,10.487163264030903,10.414771923449964,-18.471355796049693,0.9901328845284214,0.19303066820654435,24958,1
catboost_diff_ds_g123r,Продовольствие,393.94556824509027,518.7492258580371,3.1420907759164916,3.309684526058987,3.317128400838718,-16.29575036887091,0.9732635651730512,0.8402422245031145,24958,1
catboost_diff_ds_g123r,Транспорт,82.40540071850543,113.21353355315276,4.62114624150698,5.598546848214895,5.572174791801808,-2.854096763108963,0.9862322569838261,0.3618035003004133,24958,1
catboost_diff_g1,Все категории,1697.2556942266783,2543.676678495056,5.552347847054141,5.950701888243741,5.826786375275399,-75.18574155555353,0.9501979119513101,0.40016477407800477,24958,1
catboost_diff_g1,Здоровье,88.3818790587596,121.32484567478951,6.032158947491957,6.6343199602966765,6.58446906430174,-7.179650270994499,0.9693744886948716,0.25250112879282516,24958,1
catboost_diff_g1,Маркетплейсы,459.2979706414428,665.8283742417509,9.720128576338888,11.174291606829353,10.927672265282192,-60.039899998833505,0.8425223865096594,-0.016791085644141335,24958,1
catboost_diff_g1,Общественное питание,68.78214457487972,107.90519277039174,5.521482033570245,9.867978606315333,9.707880030047141,-5.996238751100177,0.9934103627352199,0.25089729524467685,24958,1
catboost_diff_g1,Продовольствие,589.2895430988245,954.13076157392,4.700144860020105,4.919007827338973,4.7422207145768756,101.82169852603951,0.9095508753211006,0.5525008386082121,24958,1
catboost_diff_g1,Транспорт,96.68506436171181,135.4792107743097,5.421924023053139,6.5391713066126345,6.445529810456541,4.4145002905542485,0.9802843374622302,0.15619095182040754,24958,1
catboost_diff_g1r,Все категории,1769.5623906326762,2588.9724021042903,5.788889654798885,6.233725168882234,6.1875526867689885,-224.4540269725704,0.9484084498296934,0.33759813487687096,24958,1
catboost_diff_g1r,Здоровье,89.77791376058782,123.20863179328224,6.127439827547062,6.733858237285757,6.691988030141838,-7.112464622228621,0.9684160733261955,0.23248857454683514,24958,1
catboost_diff_g1r,Маркетплейсы,453.4859911168987,665.9960165850928,9.597129582498962,10.995296752627988,10.63655828552913,-29.70350246696407,0.842443077063989,0.032457991938718234,24958,1
catboost_diff_g1r,Общественное питание,68.75034606496519,108.25169542527559,5.518929410323723,9.840888972011971,9.641609999694724,-3.0175522243975874,0.9933679738041347,0.2614222476396899,24958,1
catboost_diff_g1r,Продовольствие,585.7372316329449,949.7067921173378,4.6718117957852545,4.9455959820005795,4.7552423234253105,125.80605837126024,0.910387692489161,0.5465196088125852,24958,1
catboost_diff_g1r,Транспорт,95.43924155244358,132.02216814431208,5.352060526942007,6.406515333004184,6.346173543279978,1.1507345027621272,0.9812776749369293,0.2018214320483308,24958,1
catboost_logdiff_ds_g123,Все категории,1033.2750720229812,1414.4623012312127,3.3802229334546503,3.7570827691317428,3.8220482233615445,-336.56474877986943,0.9846005046391626,0.7481823728671979,24958,1
catboost_logdiff_ds_g123,Здоровье,120.60958032651135,156.15924771595593,8.231734455839325,8.987119398091986,9.113784911343888,-20.128581326615553,0.9492636443117888,-0.29670894945739223,24958,1
catboost_logdiff_ds_g123,Маркетплейсы,473.5103662143463,677.3472430176838,10.020905677865116,11.249899350868919,10.82954815675516,27.384535530748494,0.8370265113693076,0.04809313257638237,24958,1
catboost_logdiff_ds_g123,Общественное питание,84.38333009355009,141.52025911596766,6.7738661526777335,10.516879176482979,10.737134583989551,-22.55282246936731,0.9886651951007697,0.17319995273510225,24958,1
catboost_logdiff_ds_g123,Продовольствие,397.11580341375316,522.3875173327139,3.16737641810639,3.3262451028445743,3.3377995652703647,-19.76031938887025,0.972887213513949,0.8377888461575401,24958,1
catboost_logdiff_ds_g123,Транспорт,83.57801257126192,114.86586949444546,4.686904199224129,5.580629602387961,5.581128485579889,-7.861919363327275,0.9858274476876848,0.37247999054002034,24958,1
catboost_logdiff_ds_g123r,Все категории,1016.881079076302,1384.9758272967824,3.32659215068471,3.7000876122579003,3.7572975889975893,-315.1102204077464,0.9852358610998299,0.7601392400103384,24958,1
catboost_logdiff_ds_g123r,Здоровье,115.88102982562332,150.9389128325822,7.909005763981167,8.660679770395438,8.750757745870146,-14.37554778066611,0.9525991326911698,-0.20880116334961873,24958,1
catboost_logdiff_ds_g123r,Маркетплейсы,472.44084742251954,676.2300222764757,9.998271438578477,11.219251580734985,10.761698990548286,52.52417456548601,0.8375636869579768,0.05389922522787294,24958,1
catboost_logdiff_ds_g123r,Общественное питание,83.36328264151733,142.17504278242205,6.6919819120132615,10.493685507823207,10.707768600688087,-21.213486794623766,0.9885600650678834,0.16234349475942877,24958,1
catboost_logdiff_ds_g123r,Продовольствие,398.37493663677276,521.8190140674408,3.177419203720972,3.3458145023878156,3.3537774520576895,-7.588947451546558,0.9729461939448787,0.8369971339621132,24958,1
catboost_logdiff_ds_g123r,Транспорт,83.82848902494969,114.64892558132678,4.700950466974215,5.607128640805931,5.61383814903719,-9.374990941711683,0.9858809317290252,0.3667324005187207,24958,1
mean_3,Все категории,1944.9060421508132,2785.913825377342,6.362503253099362,6.315281760359986,6.41168301291975,-728.1052568314769,0.9402608426287461,0.3532918639907804,24958,1
mean_3,Здоровье,114.67640970163207,155.22365950215726,7.8267891361311115,8.329891668949104,8.30270852527323,-22.562471618986567,0.9498697709406448,-0.10218782087592704,24958,1
mean_3,Маркетплейсы,541.5321874081791,748.5199773022523,11.460452312650812,11.289866794088093,11.641884042549576,-296.4570745519139,0.8009780308894309,0.1015488233305939,24958,1
mean_3,Общественное питание,128.485549055747,197.5849646698141,10.314168816187365,14.599517005747431,14.478627063849952,-34.637190480006396,0.977905478201998,-0.26417790225308657,24958,1
mean_3,Продовольствие,852.9281459518659,1166.5691650727838,6.802913589949525,6.787403691608541,6.861683602183269,-155.41389534417823,0.8647897678880915,0.33661901981729014,24958,1
mean_3,Транспорт,136.273072094452,179.9177433665473,7.641948093657762,8.192547955637307,8.238286197630643,-32.24664102358628,0.9652292506376128,-0.12431534149349788,24958,1
naive,Все категории,2240.4872185271256,3298.1404503754957,7.3294580341999875,7.707119463354835,7.583096697664186,-394.49378956647166,0.9162736753384607,-0.011257857611113309,24958,1
naive,Здоровье,105.14039586505329,142.8556262326052,7.175945865991058,7.81512521292169,7.764820937534771,-8.223415337767449,0.9575401406042986,-0.0019014951533118385,24958,1
naive,Маркетплейсы,531.5649491145124,736.371586164002,11.249515526602869,12.101421589792047,11.872569966454956,-169.53866495712796,0.8073858129672005,-0.039362837590960265,24958,1
naive,Общественное питание,96.07680903918583,151.5743994928468,7.712559389233779,12.079792330335204,11.934564717992947,-17.561543392900074,0.9869974500229703,-0.008405960400514445,24958,1
naive,Продовольствие,965.3273098805994,1420.0617908467584,7.699403878631942,7.896822115748679,7.760548674201223,-74.50408686593477,0.7996436751354807,-0.0019769361831145638,24958,1
naive,Транспорт,120.57160028848466,160.44032611862795,6.7614378747931925,7.562328784356135,7.539942177505174,-16.627774661431204,0.9723501275598758,-0.0072182823923814254,24958,1
catboost_diff_ds_g123,Все категории,1362.9399642061107,1763.0362820911914,4.456048833026319,4.852758476311758,4.948040925588338,-395.01527702141334,0.9760908623235733,0.7025403686545446,24891,3
catboost_diff_ds_g123,Здоровье,167.12194949169026,221.34349277695995,11.39972766926102,12.255915980707577,12.79996784130317,-54.8104279068361,0.8981461473766351,-0.726300123288351,24891,3
catboost_diff_ds_g123,Маркетплейсы,557.2605909700253,792.5478520746823,11.79178638785736,13.207648380055964,12.341336440332206,107.04189974518602,0.7771961575364784,0.2861780015712073,24891,3
catboost_diff_ds_g123,Общественное питание,127.9579932574137,220.21051451669027,10.265055158983296,14.176402222811094,14.711642644539344,-56.53928594002217,0.972604428672449,-0.07333034047752873,24891,3
catboost_diff_ds_g123,Продовольствие,611.2962392421063,814.0891710047105,4.872021580408669,5.083493099563061,5.127286790195399,-53.638939262580195,0.9335909413526662,0.6931096157552932,24891,3
catboost_diff_ds_g123,Транспорт,101.64325618973855,136.39036204782954,5.698104408634666,6.721266973914437,6.727591127816343,-11.443836655114824,0.9800401490902331,0.33990078685397285,24891,3
catboost_diff_ds_g123r,Все категории,1326.0537162043831,1704.035641687072,4.335451501757544,4.714079224898459,4.779025138639708,-280.4863573773662,0.9776643414636854,0.728870580436666,24891,3
catboost_diff_ds_g123r,Здоровье,166.08491232381593,219.74728463325215,11.328989257384984,12.18700202332946,12.727624640168495,-58.640816947291384,0.8996098789567357,-0.6952808654487452,24891,3
catboost_diff_ds_g123r,Маркетплейсы,528.938236492004,762.0384011677749,11.192477627435851,12.518086236556794,11.696339800632732,99.30838130842719,0.7940198338643025,0.3421699030497565,24891,3
catboost_diff_ds_g123r,Общественное питание,131.25207172953984,229.8952217113377,10.529312954480062,14.288613093596735,14.679936570010032,-56.02953808429685,0.9701417638814082,-0.06937143764504183,24891,3
catboost_diff_ds_g123r,Продовольствие,609.5829130125254,808.8882650586554,4.858366396834912,5.079467951979142,5.126453346695927,-78.9781626035005,0.934436755315895,0.6955631136163453,24891,3
catboost_diff_ds_g123r,Транспорт,103.28304980984515,138.0477134052792,5.790030972247882,6.839449350197796,6.848616036490919,-12.294213239176267,0.9795521164355412,0.31790112806585424,24891,3
catboost_diff_g1,Все категории,2452.2583978725347,3391.3213499092185,8.0175088111705,8.31430300267823,8.049298748105528,477.69142266933613,0.9115334072328506,0.24453178781683504,24891,3
catboost_diff_g1,Здоровье,91.55999170817252,126.89603305141291,6.245493030972943,6.883457636882209,6.866852658044981,-15.596644704492453,0.9665235008649982,0.44734426975618913,24891,3
catboost_diff_g1,Маркетплейсы,524.6590756038609,741.4204102254487,11.101929413673915,12.420395589968331,11.74441769193994,68.44120407984904,0.805015196795691,0.35239537247791963,24891,3
catboost_diff_g1,Общественное питание,87.10241979603124,136.12155596143342,6.9875364635368395,11.747093134400362,11.731983292799475,-8.93241921003499,0.9895321360827485,0.1868933424731678,24891,3
catboost_diff_g1,Продовольствие,934.9885665639679,1324.1615625780805,7.451844427151596,7.692967091868151,7.286459226422242,491.05222513733474,0.8243026048473538,0.37585084282231485,24891,3
catboost_diff_g1,Транспорт,142.64480847290992,192.48878495458726,7.99664476028851,9.379696120845832,9.111613555413275,28.739621015699694,0.9602441731159665,-0.10654022130510765,24891,3
catboost_diff_g1r,Все категории,2437.5617008092454,3312.753873766651,7.969458859215091,8.184503311118444,8.059162029337683,141.59680604724878,0.915584974876142,0.2506036923826811,24891,3
catboost_diff_g1r,Здоровье,93.05405072869551,128.79396061116947,6.347405831820279,6.951467666682021,6.936530645915746,-14.561689716498643,0.9655146259867844,0.4404660467290479,24891,3
catboost_diff_g1r,Маркетплейсы,546.3852046456453,767.8348292958246,11.56166024131022,12.917160108895892,12.211877743968252,70.0145719470944,0.7908743490669939,0.31714386068602196,24891,3
catboost_diff_g1r,Общественное питание,85.80023913894087,133.8885478635789,6.883072835031011,11.580784757878487,11.579031616508516,-6.8489931981427565,0.9898727595556241,0.20802032886767574,24891,3
catboost_diff_g1r,Продовольствие,926.2600415152464,1292.7072362687893,7.382278217395043,7.654121902295337,7.264746079987601,451.5544571497095,0.8325505488829863,0.3901890880190443,24891,3
catboost_diff_g1r,Транспорт,132.0059938139478,175.4870303276632,7.400234541024017,8.57988874991705,8.452716655094044,12.47751411082105,0.9669569613799776,0.052641679457488544,24891,3
catboost_logdiff_ds_g123,Все категории,1375.924425826623,1782.9690180035195,4.498500735950203,4.933249824553238,5.041964292473878,-473.21442047457384,0.9755471768789994,0.687789813071547,24891,3
catboost_logdiff_ds_g123,Здоровье,167.82830223419214,225.05030463556585,11.447909424724308,11.999974580256241,12.7173181753327,-77.29772946410858,0.8947061141410348,-0.706798385397782,24891,3
catboost_logdiff_ds_g123,Маркетплейсы,584.5286800812662,827.5127126680947,12.368786605018075,13.671440849401664,12.849035400846098,202.7808318640041,0.7571036221708072,0.2487412896789407,24891,3
catboost_logdiff_ds_g123,Общественное питание,140.2143030592486,240.6560838270927,11.24828170824878,14.844321161599849,15.805787213190747,-59.64152951596378,0.9672811561505764,-0.20960719476360756,24891,3
catboost_logdiff_ds_g123,Продовольствие,627.8931938877842,826.4867017171649,5.00429905246225,5.201836448002226,5.227407211364388,-52.85641146099882,0.9315528911312855,0.6913747343676038,24891,3
catboost_logdiff_ds_g123,Транспорт,101.91349700415137,137.4017507791799,5.713254064733091,6.663089685395997,6.717025971228266,-21.280143846758172,0.9797430310839074,0.3450655642660233,24891,3
catboost_logdiff_ds_g123r,Все категории,1304.2965860617658,1694.8708680822626,4.264317895782108,4.6884636374944115,4.790146277979306,-482.63036809927524,0.9779039500480466,0.7161537358471748,24891,3
catboost_logdiff_ds_g123r,Здоровье,166.23813009834177,219.49768065926688,11.339440553034642,11.828176252890474,12.352638352511892,-57.0725308439907,0.899837809345391,-0.5420745092248425,24891,3
catboost_logdiff_ds_g123r,Маркетплейсы,588.1990260685128,816.3323847037772,12.446452129105833,13.81413982419327,13.082597635553583,187.38078267877114,0.7636227143787557,0.2358896428230549,24891,3
catboost_logdiff_ds_g123r,Общественное питание,141.26720669358133,247.28850854477287,11.332747817855363,14.893638041294627,15.910216284100937,-62.56788485587394,0.9654528576749511,-0.2351873492770742,24891,3
catboost_logdiff_ds_g123r,Продовольствие,614.0511057214718,803.9212553546414,4.893977823678305,5.071865037125454,5.094830806523964,-25.044303666961866,0.9352394704579816,0.7093790061132598,24891,3
catboost_logdiff_ds_g123r,Транспорт,103.91479473123076,139.2372397293719,5.825446489780695,6.838502577557944,6.883548194449688,-18.311153863780454,0.979198208509451,0.3162588509641394,24891,3
mean_3,Все категории,2206.8614626437934,2986.1467744540096,7.215198543974534,7.164256337826415,7.326362108394524,-1074.9293452787485,0.931409540291665,0.3876491878735535,24891,3
mean_3,Здоровье,128.51629102888597,176.71563305784252,8.76635728130756,9.273189269295703,9.312203069694267,-39.15882581388186,0.9350777018240332,0.07684276352884178,24891,3
mean_3,Маркетплейсы,669.7052883907168,929.8545256881201,14.171146913108231,13.70105484228938,14.529013737658335,-431.35868386163673,0.6933085222525921,0.1514105535018636,24891,3
mean_3,Общественное питание,159.67689124583183,250.5525941259279,12.80961083029859,17.822395943475065,17.715244121130162,-52.88806529803275,0.9645348283682889,-0.4589320928979772,24891,3
mean_3,Продовольствие,944.9638825278214,1191.6105817295224,7.531347541235113,7.543325638620366,7.6451125501423745,-238.07690865506947,0.8577173088529845,0.44038109077863263,24891,3
mean_3,Транспорт,163.0084033050768,219.35528464697944,9.138224574223422,9.769835141774744,9.908097958642195,-48.6763154018186,0.9483719012455636,-0.24479597860928792,24891,3
naive,Все категории,2514.8706359728417,3738.0735284837524,8.222215693239626,8.557377793517604,8.322560859336228,221.74380298099715,0.8925176650208344,-0.008337685639679293,24891,3
naive,Здоровье,131.4214374673577,175.58194578552266,8.964523221440682,9.786068215574405,9.631593319185946,-9.433088264834678,0.9359080244505181,-0.0016704861896248424,24891,3
naive,Маркетплейсы,737.0649230645615,1023.2964314594968,15.596495190214032,15.61413533332961,15.529721033589942,-151.91390462416135,0.6285720263462853,-0.013458493607349187,24891,3
naive,Общественное питание,102.8954642240167,164.48229391960987,8.254487187399898,13.425938754769026,13.276337239102654,-24.917319513077015,0.9847158051017708,-0.012658054471781144,24891,3
naive,Продовольствие,1166.4016311116468,1661.905488999008,9.296202975574246,9.559698203672282,9.19109839339267,330.0747659796714,0.7232446576870503,-0.04899984217178677,24891,3
naive,Транспорт,140.54433329315816,187.85150427449258,7.878892463376368,8.734624655286618,8.707883798884307,-24.216905708890764,0.9621366284767372,-0.006600769322083977,24891,3
catboost_diff_ds_g123,Все категории,2085.311112656334,2573.6994175498853,6.813811801402203,7.16529634517547,7.4173714678558405,-641.4520789362866,0.9490975108043346,0.2856031115714691,24773,6
catboost_diff_ds_g123,Здоровье,246.37922035759016,304.2475032344601,16.788009802778355,17.438492696316462,18.74366741810206,-100.36672487217272,0.8079403124148496,-1.4027639133197818,24773,6
catboost_diff_ds_g123,Маркетплейсы,699.7596881471551,955.2178162485568,14.810810819940453,15.760381132587508,14.420044195840248,323.38579670150943,0.6766840419036366,0.3962197174780311,24773,6
catboost_diff_ds_g123,Общественное питание,209.43715752291808,343.42331127936916,16.788835723472403,19.942233054637047,21.376108112371654,-91.4707830531088,0.9335664692433725,-0.37712143466808734,24773,6
catboost_diff_ds_g123,Продовольствие,1119.026156847276,1290.4501272487664,8.911269459123076,9.096389941845286,9.276012265592096,-219.3778541262736,0.8314335395810284,-0.22178666666224411,24773,6
catboost_diff_ds_g123,Транспорт,113.72282808607183,154.24375638655607,6.3720666079434025,7.299544806334817,7.319476302287025,-0.6860372855727603,0.9745277282052721,0.32943076779644664,24773,6
catboost_diff_ds_g123r,Все категории,2126.438623889296,2596.980245960513,6.948197083147758,7.31525600512519,7.523556478264101,-447.0933404863996,0.9481724518001221,0.28681486122725397,24773,6
catboost_diff_ds_g123r,Здоровье,243.25000764898414,301.4023500306192,16.574788681488943,17.26334861309616,18.54672944279642,-102.48033243099566,0.8115155873602831,-1.3555243961369832,24773,6
catboost_diff_ds_g123r,Маркетплейсы,641.5610530069898,888.473260390848,13.579003687234547,14.621289613829214,13.386878897932847,330.44370713152307,0.7202880401837106,0.45520341476783166,24773,6
catboost_diff_ds_g123r,Общественное питание,219.55888061489946,361.91717303509085,17.600210114910837,20.440770931990702,21.863508878713382,-98.51767026861141,0.9262187219671116,-0.40738207782733205,24773,6
catboost_diff_ds_g123r,Продовольствие,1107.0223710530609,1277.142133796997,8.815678333672338,9.012054395256724,9.186182268963915,-214.22519242331677,0.8348923547463228,-0.20205061012245396,24773,6
catboost_diff_ds_g123r,Транспорт,113.96569437690971,154.4674188433893,6.385674783259547,7.317346510171219,7.3179260314033225,1.0245442443891468,0.9744538020814005,0.33437537361206715,24773,6
catboost_diff_g1,Все категории,2537.225531021622,3749.440649246966,8.29045467660309,8.200727750411614,7.687991873765373,2033.5947190837187,0.8919670242641601,0.14805149851909227,24773,6
catboost_diff_g1,Здоровье,106.51602914479636,144.21221194193808,7.257885380270778,8.248511256166138,8.400422645051545,-23.160459269732986,0.9568494586564519,0.36328788161413417,24773,6
catboost_diff_g1,Маркетплейсы,613.4540004271033,843.5033355993943,12.984101972377154,13.988636418375341,12.940927613538445,274.112659010618,0.7478866046587334,0.49466512100395255,24773,6
catboost_diff_g1,Общественное питание,110.04625694516305,169.55052152832607,8.82149352907067,13.49512122257164,13.180032837245378,10.213580130268538,0.9838070471307175,0.33238407535512915,24773,6
catboost_diff_g1,Продовольствие,1185.7006833772696,1532.5511283512865,9.44222637048088,9.69331618131918,9.04154553667174,1103.7054288677562,0.7622510200185254,-0.3123760227343071,24773,6
catboost_diff_g1,Транспорт,156.44890934490397,210.94896391075008,8.76607527146014,9.812015351720023,9.40823511382985,70.27246994767843,0.9523561019345146,0.001987314812339047,24773,6
catboost_diff_g1r,Все категории,2315.596758382317,3408.446668593162,7.5662765252593704,7.4726147357941475,7.070807104572675,1718.9124758451012,0.9107236598981974,0.28547856521092485,24773,6
catboost_diff_g1r,Здоровье,102.83464491225016,140.18540271821195,7.007039897059656,7.883248530589955,7.95199205789919,-11.718182747850625,0.9592255830695824,0.43425550609316055,24773,6
catboost_diff_g1r,Маркетплейсы,619.9277222124817,863.798328659917,13.12112196693849,14.1068533976733,12.978344910460796,300.3828843380963,0.7356087783994387,0.4803415702245942,24773,6
catboost_diff_g1r,Общественное питание,112.49762464266001,169.51945856570308,9.017999297473299,14.235404712880475,14.542338489094487,4.3697885896351805,0.983812979934797,0.07720762912256174,24773,6
catboost_diff_g1r,Продовольствие,1154.056899177495,1489.5238425580692,9.190233791053608,9.436195452612148,8.815260590500804,1058.0830922483901,0.7754135054399126,-0.2590290025938582,24773,6
catboost_diff_g1r,Транспорт,140.4658882831114,189.2300404506783,7.8705217883474745,8.845629134108568,8.61625618459667,46.865493158257664,0.9616617170867464,0.15022705505094036,24773,6
catboost_logdiff_ds_g123,Все категории,2099.09120720418,2590.7440406484966,6.858838641898412,7.231090148002433,7.493427147012284,-639.467357311044,0.9484210629848725,0.26647531760744947,24773,6
catboost_logdiff_ds_g123,Здоровье,239.54017133760024,307.216455853518,16.3220045048371,16.456671650498908,17.834318106057033,-114.39540164326203,0.804173653430704,-1.222087454972229,24773,6
catboost_logdiff_ds_g123,Маркетплейсы,716.0990553152456,1027.2302997942359,15.156642796465006,16.027314052930052,14.503967596361866,490.73353960071233,0.62609785648049,0.34008003056442104,24773,6
catboost_logdiff_ds_g123,Общественное питание,241.67826871836803,391.0344645226466,19.373337565479044,20.093568973613483,21.344937844337316,-87.50655733917618,0.9138693222404266,-0.25265519490672483,24773,6
catboost_logdiff_ds_g123,Продовольствие,1134.3286121888,1297.3669102382553,9.03312925846745,9.132871927005743,9.245829351150896,-132.9754980656054,0.8296216720771821,-0.17668112039428818,24773,6
catboost_logdiff_ds_g123,Транспорт,117.05502717012898,159.31394935297965,6.55877489573299,7.4111386256694765,7.480241687804915,-7.720314429402278,0.9728255914098306,0.30821937182989667,24773,6
catboost_logdiff_ds_g123r,Все категории,1982.2103581163724,2500.54443995977,6.476927231155519,6.87730062840049,7.1534218450885,-751.6505512484462,0.9519500957647115,0.2951240599966205,24773,6
catboost_logdiff_ds_g123r,Здоровье,240.60796613949137,303.3488902826866,16.39476287129141,16.435455048312697,17.54500319809973,-91.88268350170613,0.8090731562181689,-1.0542054688281057,24773,6
catboost_logdiff_ds_g123r,Маркетплейсы,709.2075638163213,1000.0652531408937,15.010780468887871,15.870257843036686,14.383605850546036,492.97646051997185,0.645612015315567,0.3611999673111852,24773,6
catboost_logdiff_ds_g123r,Общественное питание,255.6577443784146,412.46043474423794,20.493955908148827,20.963564768234612,22.3422324842434,-84.64501605271103,0.9041720092532047,-0.3514017941016021,24773,6
catboost_logdiff_ds_g123r,Продовольствие,1100.3462835197263,1261.6201226210985,8.762513879402698,8.863342046110375,8.982821020175056,-141.87831074522876,0.8388813061259932,-0.11816463655988807,24773,6
catboost_logdiff_ds_g123r,Транспорт,118.65295160047452,160.87914782386466,6.648309082280966,7.510241508310001,7.552781434133489,-1.9265480988766697,0.9722890121606339,0.2995673692532267,24773,6
mean_3,Все категории,2108.357001574295,2978.3410700600775,6.88911488156609,6.794157871717989,6.949147758453476,-1019.8695892032993,0.9318333058962178,0.33089639788887826,24773,6
mean_3,Здоровье,122.93382580497584,166.83273744878667,8.37657603474676,8.790020071321761,9.00575492908043,-54.822400731979705,0.942250965989529,0.3284383567560831,24773,6
mean_3,Маркетплейсы,759.3062473929949,1082.0017695130646,16.071147531110142,15.268819419027965,16.60972079832655,-451.61754060199956,0.5851622646821599,0.16230233779071357,24773,6
mean_3,Общественное питание,150.72949043986057,252.29639417211507,12.082730130638879,16.133328321150277,17.031773292946948,-104.98191579542244,0.9641449874298806,0.02519662135878864,24773,6
mean_3,Продовольствие,892.2621738720919,1103.7418281162422,7.105453800971614,7.22824824542569,7.215349854861142,-64.7791210861287,0.8766827815171587,0.20600352362234398,24773,6
mean_3,Транспорт,153.77283063550368,207.50125606259311,8.616130426864016,9.180451177936881,9.420443539552242,-75.71884713195817,0.953900740064804,-0.0010552167495911924,24773,6
naive,Все категории,2644.7422193517136,3720.8556281937654,8.641768432783122,9.0299693313167,8.62500877147835,978.8977112178582,0.8936079907633222,-0.10677432938490328,24773,6
naive,Здоровье,156.59576958785775,206.07551477438778,10.67026395772742,11.41812749875069,11.775669571973806,-64.38796270132806,0.9118880203236484,-0.10731899558235103,24773,6
naive,Маркетплейсы,934.4088725628709,1222.1283863481276,19.777293940219373,19.43665593490206,19.618425853381243,-136.3676179711783,0.47075596023488797,-0.011190340817452071,24773,6
naive,Общественное питание,150.19085294473823,239.36441863857812,12.039552040718887,16.942133613259493,17.210761240221043,-43.89884148064425,0.9677264322222879,-0.04774196556784038,24773,6
naive,Продовольствие,1300.758729261696,1643.9281209883063,10.358481315946115,10.800150100769978,10.082775872861216,970.9290760101724,0.7264388838100775,-0.6549062885872785,24773,6
naive,Транспорт,146.68312275461187,198.0533240367121,8.218883087801078,9.280408807083102,9.182186155186248,-10.682557623218827,0.9580031453589207,-0.0002393449456656871,24773,6
catboost_diff_ds_g123,Все категории,2972.807133574514,3339.0697312615007,9.709724755160002,10.424136778438097,11.117057630146753,-2745.353563857132,0.9144701590734219,-0.5646096208378881,24598,12
catboost_diff_ds_g123,Здоровье,297.91367352713996,360.1797849890988,20.281026235827795,19.616355495720953,22.173536839181736,-288.8712451391141,0.7316314178567345,-2.3496144247750723,24598,12
catboost_diff_ds_g123,Маркетплейсы,1000.31104360728,1277.9697527858507,21.201017768965663,20.895042593898435,18.998427440360576,726.4853852622301,0.42012651182646177,0.032427554438530404,24598,12
catboost_diff_ds_g123,Общественное питание,294.88011192329435,450.12293544406197,23.635519954384666,24.37878373202581,28.169059714789157,-281.773283258744,0.8862797771476544,-0.4325565211468585,24598,12
catboost_diff_ds_g123,Продовольствие,1215.0578868991379,1382.2043072458803,9.665879287781916,9.580425962183984,10.163255251354848,-1172.361745254226,0.8049567042991699,-0.570146929731173,24598,12
catboost_diff_ds_g123,Транспорт,133.36991930859915,180.33139372891816,7.47264412717407,8.65592534590671,8.89258057451662,-44.44998950501277,0.9652492627765883,0.29348418315260827,24598,12
catboost_diff_ds_g123r,Все категории,2906.489978711694,3313.926338431319,9.493120955676702,10.226087667848418,10.908405114728863,-2678.0463419535204,0.9157533989134083,-0.5454386048994115,24598,12
catboost_diff_ds_g123r,Здоровье,297.92161648809514,360.52615391019077,20.28156696763649,19.585328862524207,22.124562879236176,-289.2295002779307,0.7311150133540125,-2.3193542762511763,24598,12
catboost_diff_ds_g123r,Маркетплейсы,907.7257128086376,1176.760568654977,19.238724884215493,19.206836559997804,17.723367806109934,600.9668426557336,0.5083361040386376,0.11098398304314228,24598,12
catboost_diff_ds_g123r,Общественное питание,313.430499264481,479.71266363415583,25.12238879509588,25.057038949788353,29.042491363014854,-301.5081269871257,0.8708371010554244,-0.4786551461402999,24598,12
catboost_diff_ds_g123r,Продовольствие,1198.6315972613459,1362.2875907465896,9.535206885670904,9.471058688483575,10.03948974839688,-1152.3818103535884,0.8105371159570918,-0.5351921064620617,24598,12
catboost_diff_ds_g123r,Транспорт,133.25140155307017,180.08134018893142,7.466003641715199,8.65741065374491,8.874219401412335,-44.31346527493206,0.9653455690278027,0.2969453827331521,24598,12
catboost_diff_g1,Все категории,3639.3457378285307,4959.211280830139,11.886760161494342,10.843391173367241,10.20932782765519,2675.2777338156934,0.8113347526251485,-0.48057490411466364,24598,12
catboost_diff_g1,Здоровье,130.14341600649055,168.4600885202218,8.85975458325995,10.017674657891442,10.503009495469225,-69.59475293981843,0.9412933833771098,-0.009842120700415347,24598,12
catboost_diff_g1,Маркетплейсы,842.4536660372414,1097.575016897732,17.85532135962098,17.965074154949274,16.84028587062824,474.1052051450433,0.5722790435233205,0.17851561066628796,24598,12
catboost_diff_g1,Общественное питание,123.24453852086893,183.3230194838696,9.878417131897514,15.53558270201668,16.62753936031398,-76.32522297033191,0.9811370583687279,0.27031790080315843,24598,12
catboost_diff_g1,Продовольствие,1249.7286216231118,1667.5338026300597,9.941687658950046,9.614135198435534,8.968635301846788,1113.7152294987895,0.7161193210161432,-0.5204022037661771,24598,12
catboost_diff_g1,Транспорт,195.03932342987275,253.15719216426015,10.927947338888968,11.695181909192266,11.33653083952954,81.95391553197467,0.9315139869532051,0.028859244508577242,24598,12
catboost_diff_g1r,Все категории,3396.8029156444013,4584.145197708575,11.09457151994062,10.191869712618525,9.726669517004124,2132.9423615272913,0.8387931778665316,-0.3197326381958594,24598,12
catboost_diff_g1r,Здоровье,124.86733006711363,163.53957978974586,8.500575240827928,9.501544176720952,9.86116130859276,-51.68739439409005,0.9446727916216386,0.10032037610725841,24598,12
catboost_diff_g1r,Маркетплейсы,866.1337461024356,1122.3206638440142,18.357207049518262,18.505747566621416,17.37637972707839,480.27228265431086,0.5527750527919728,0.12973725634719646,24598,12
catboost_diff_g1r,Общественное питание,127.28351156407838,184.31587137287417,10.202152860751385,16.886589796381763,18.80684597785825,-83.88756096879845,0.9809321869707857,0.0053233162656779465,24598,12
catboost_diff_g1r,Продовольствие,1304.1497925302383,1689.780711774786,10.37461227460805,10.027572965941161,9.34919025492326,1172.9206104158864,0.7084941734652843,-0.5948202690402993,24598,12
catboost_diff_g1r,Транспорт,173.96880590526393,228.11777596615616,9.74737768830334,10.620734007941431,10.511066084669991,41.66968958303488,0.9443917021734056,0.13277089006122755,24598,12
catboost_logdiff_ds_g123,Все категории,2961.1649861529704,3356.6495518492907,9.671699400018221,10.451993761567506,11.162020132997508,-2738.769278125157,0.9135671785915118,-0.6010235378794975,24598,12
catboost_logdiff_ds_g123,Здоровье,301.96012548686264,377.293614741973,20.556495962965634,19.321628927709728,21.804946903088165,-292.42483588587504,0.7055226383693392,-2.242468705371734,24598,12
catboost_logdiff_ds_g123,Маркетплейсы,1360.9221736751908,1847.182845360085,28.843963455825545,26.65867174911497,23.99052625141596,1014.6242724586731,-0.2114678034796169,-0.5509293293461315,24598,12
catboost_logdiff_ds_g123,Общественное питание,327.61694682412383,505.88697628897546,26.25947485420925,24.09671153751346,27.591853049401,-314.69834375029546,0.8563576786066789,-0.3389933603638484,24598,12
catboost_logdiff_ds_g123,Продовольствие,1144.8963176150369,1309.1762392112971,9.107738587940705,9.007147356940553,9.518231821637405,-1093.8834142811397,0.8250222725439537,-0.3850208346041506,24598,12
catboost_logdiff_ds_g123,Транспорт,137.8343930742727,187.35584980414146,7.722786166990331,8.785013325989008,9.067445943586392,-47.628561733502956,0.9624892403693793,0.27013742687803965,24598,12
catboost_logdiff_ds_g123r,Все категории,2948.704104538988,3364.9704891065558,9.630999911204455,10.415043448883907,11.125492553965955,-2724.09823735995,0.9131381236647669,-0.6061661680559531,24598,12
catboost_logdiff_ds_g123r,Здоровье,288.1865135500258,360.92192096432797,19.61883176734203,18.459912786817686,20.699290151557115,-278.70874866584916,0.7305243531380139,-1.9164190222690354,24598,12
catboost_logdiff_ds_g123r,Маркетплейсы,1318.5330752913903,1756.4044805114768,27.94555087327066,25.99326985889645,23.432501587197983,995.9801074571201,-0.09532039883028975,-0.46276637786534214,24598,12
catboost_logdiff_ds_g123r,Общественное питание,337.6396403272981,523.2798235716533,27.06282361430664,24.67544695639131,28.365173629231045,-324.4436380956629,0.8463107834869361,-0.4031603194878981,24598,12
catboost_logdiff_ds_g123r,Продовольствие,1115.3239906466615,1278.7628380447834,8.872488444044588,8.792986289546125,9.281743903866351,-1059.9751377782927,0.8330576370375201,-0.32976376673875807,24598,12
catboost_logdiff_ds_g123r,Транспорт,139.36298855107782,188.382741214248,7.808432541163672,8.864473529435836,9.111359723484346,-40.353158749272055,0.962076922964816,0.26831064914897884,24598,12
mean_3,Все категории,2720.66513537686,3669.46009640718,8.886183471884248,8.672423985035355,9.04951440810051,-1811.444304414993,0.8967069680246333,-0.2632583814164229,24598,12
mean_3,Здоровье,127.52467680299212,176.1533027360289,8.68147905175399,9.1357425289306,9.278453130494048,-54.5807518226414,0.9358089346872686,0.16707918977981273,24598,12
mean_3,Маркетплейсы,796.7242323224111,1119.080393514491,16.88611228915361,16.45357102332952,18.25268310838011,-463.48337263192127,0.5553537058821622,-0.1817493991646839,24598,12
mean_3,Общественное питание,239.31274900398407,378.8479801162947,19.18163018024645,21.38242506415592,24.11960717339769,-216.33429547117655,0.9194426132549698,-0.2543972794485314,24598,12
mean_3,Продовольствие,935.0532495866872,1243.7307161437097,7.438420782748592,7.310598346138765,7.537118959661955,-493.00816462042985,0.8420792263159036,-0.10749881260801009,24598,12
mean_3,Транспорт,197.56776973737703,268.5569297906505,11.06961481194883,11.08888504933029,11.653474419209587,-124.04905547876524,0.922928454028101,-0.06219624175831506,24598,12
naive,Все категории,2713.4023497845355,3683.6235542947743,8.862461903047583,9.427357226883771,8.879207141549305,1640.7749003984063,0.8959080439852768,-0.33407757780620706,24598,12
naive,Здоровье,136.55435401252134,185.23297004398643,9.296191086348925,10.35571075326657,10.033238812887015,11.429791039921945,0.9290210478997563,-0.009753239589300078,24598,12
naive,Маркетплейсы,851.6039921944873,1104.4569429876988,18.04925726454913,18.34166252432308,18.01176139026282,129.17428246198878,0.566898505245903,-0.008102150088227011,24598,12
naive,Общественное питание,234.24302788844622,361.59727447765346,18.775276920923794,22.502425849839327,25.95015832386497,-207.0056102122124,0.9266118881970228,-0.5826037878011363,24598,12
naive,Продовольствие,1521.8965363037646,1832.108829827102,12.106804430484484,12.62989508764367,11.631609036849744,1338.9633710057728,0.6573197474111897,-1.3238767395782522,24598,12
naive,Транспорт,192.63005122367673,258.9080703520189,10.792957125985438,11.253511950633044,11.493702386463701,-72.06943653955607,0.9283671022758309,-0.056726609048022514,24598,12
