сценарий,x,детектор,за k мес.,"найдено, %"
все категории −x,0.05,jump,0,2.185792349726776
все категории −x,0.05,jump,1,2.185792349726776
все категории −x,0.05,jump,2,2.185792349726776
все категории −x,0.05,peer,0,29.78142076502732
все категории −x,0.05,peer,1,30.05464480874317
все категории −x,0.05,peer,2,30.601092896174865
все категории −x,0.05,level,0,10.655737704918032
все категории −x,0.05,level,1,11.202185792349727
все категории −x,0.05,level,2,11.748633879781421
все категории −x,0.05,cusum,0,1.092896174863388
все категории −x,0.05,cusum,1,4.098360655737705
все категории −x,0.05,cusum,2,9.289617486338798
все категории −x,0.05,resid,0,26.775956284153008
все категории −x,0.05,resid,1,27.049180327868854
все категории −x,0.05,resid,2,27.86885245901639
все категории −x,0.05,v2_topk,0,33.33333333333333
все категории −x,0.05,v2_topk,1,33.87978142076503
все категории −x,0.05,v2_topk,2,34.15300546448087
все категории −x,0.05,v2_mahal,0,23.770491803278688
все категории −x,0.05,v2_mahal,1,24.316939890710383
все категории −x,0.05,v2_mahal,2,24.59016393442623
все категории −x,0.05,v2_iforest,0,31.693989071038253
все категории −x,0.05,v2_iforest,1,32.240437158469945
все категории −x,0.05,v2_iforest,2,32.51366120218579
все категории −x,0.05,v2_combo,0,30.87431693989071
все категории −x,0.05,v2_combo,1,31.420765027322407
все категории −x,0.05,v2_combo,2,31.693989071038253
все категории −x,0.1,jump,0,27.823691460055095
все категории −x,0.1,jump,1,28.09917355371901
все категории −x,0.1,jump,2,28.09917355371901
все категории −x,0.1,peer,0,70.52341597796143
все категории −x,0.1,peer,1,70.52341597796143
все категории −x,0.1,peer,2,70.79889807162535
все категории −x,0.1,level,0,42.97520661157025
все категории −x,0.1,level,1,45.17906336088154
все категории −x,0.1,level,2,45.73002754820937
все категории −x,0.1,cusum,0,7.162534435261708
все категории −x,0.1,cusum,1,22.865013774104685
все категории −x,0.1,cusum,2,36.91460055096419
все категории −x,0.1,resid,0,71.34986225895317
все категории −x,0.1,resid,1,71.62534435261708
все категории −x,0.1,resid,2,72.72727272727273
все категории −x,0.1,v2_topk,0,79.88980716253444
все категории −x,0.1,v2_topk,1,79.88980716253444
все категории −x,0.1,v2_topk,2,79.88980716253444
все категории −x,0.1,v2_mahal,0,68.04407713498622
все категории −x,0.1,v2_mahal,1,68.04407713498622
все категории −x,0.1,v2_mahal,2,68.04407713498622
все категории −x,0.1,v2_iforest,0,76.03305785123968
все категории −x,0.1,v2_iforest,1,76.03305785123968
все категории −x,0.1,v2_iforest,2,76.03305785123968
все категории −x,0.1,v2_combo,0,77.41046831955923
все категории −x,0.1,v2_combo,1,77.41046831955923
все категории −x,0.1,v2_combo,2,77.41046831955923
все категории −x,0.2,jump,0,88.48314606741573
все категории −x,0.2,jump,1,88.48314606741573
все категории −x,0.2,jump,2,88.48314606741573
все категории −x,0.2,peer,0,98.87640449438202
все категории −x,0.2,peer,1,98.87640449438202
все категории −x,0.2,peer,2,98.87640449438202
все категории −x,0.2,level,0,94.9438202247191
все категории −x,0.2,level,1,95.2247191011236
все категории −x,0.2,level,2,95.2247191011236
все категории −x,0.2,cusum,0,45.50561797752809
все категории −x,0.2,cusum,1,82.58426966292134
все категории −x,0.2,cusum,2,89.32584269662921
все категории −x,0.2,resid,0,98.59550561797754
все категории −x,0.2,resid,1,98.59550561797754
все категории −x,0.2,resid,2,98.59550561797754
все категории −x,0.2,v2_topk,0,99.43820224719101
все категории −x,0.2,v2_topk,1,99.43820224719101
все категории −x,0.2,v2_topk,2,99.43820224719101
все категории −x,0.2,v2_mahal,0,97.75280898876404
все категории −x,0.2,v2_mahal,1,97.75280898876404
все категории −x,0.2,v2_mahal,2,97.75280898876404
все категории −x,0.2,v2_iforest,0,98.87640449438202
все категории −x,0.2,v2_iforest,1,98.87640449438202
все категории −x,0.2,v2_iforest,2,98.87640449438202
все категории −x,0.2,v2_combo,0,99.15730337078652
все категории −x,0.2,v2_combo,1,99.15730337078652
все категории −x,0.2,v2_combo,2,99.15730337078652
все категории −x,0.3,jump,0,99.4475138121547
все категории −x,0.3,jump,1,99.4475138121547
все категории −x,0.3,jump,2,99.4475138121547
все категории −x,0.3,peer,0,100.0
все категории −x,0.3,peer,1,100.0
все категории −x,0.3,peer,2,100.0
все категории −x,0.3,level,0,99.72375690607734
все категории −x,0.3,level,1,99.72375690607734
все категории −x,0.3,level,2,99.72375690607734
все категории −x,0.3,cusum,0,79.00552486187846
все категории −x,0.3,cusum,1,97.23756906077348
все категории −x,0.3,cusum,2,98.89502762430939
все категории −x,0.3,resid,0,100.0
все категории −x,0.3,resid,1,100.0
все категории −x,0.3,resid,2,100.0
все категории −x,0.3,v2_topk,0,100.0
все категории −x,0.3,v2_topk,1,100.0
все категории −x,0.3,v2_topk,2,100.0
все категории −x,0.3,v2_mahal,0,100.0
все категории −x,0.3,v2_mahal,1,100.0
все категории −x,0.3,v2_mahal,2,100.0
все категории −x,0.3,v2_iforest,0,100.0
все категории −x,0.3,v2_iforest,1,100.0
все категории −x,0.3,v2_iforest,2,100.0
все категории −x,0.3,v2_combo,0,100.0
все категории −x,0.3,v2_combo,1,100.0
все категории −x,0.3,v2_combo,2,100.0
одна категория −x,0.05,jump,0,0.27548209366391185
одна категория −x,0.05,jump,1,0.5509641873278237
одна категория −x,0.05,jump,2,1.1019283746556474
одна категория −x,0.05,peer,0,3.8567493112947657
одна категория −x,0.05,peer,1,4.40771349862259
одна категория −x,0.05,peer,2,5.785123966942149
одна категория −x,0.05,level,0,0.8264462809917356
одна категория −x,0.05,level,1,0.8264462809917356
одна категория −x,0.05,level,2,1.3774104683195594
одна категория −x,0.05,cusum,0,0.5509641873278237
одна категория −x,0.05,cusum,1,0.8264462809917356
одна категория −x,0.05,cusum,2,1.3774104683195594
одна категория −x,0.05,resid,0,2.7548209366391188
одна категория −x,0.05,resid,1,3.3057851239669422
одна категория −x,0.05,resid,2,4.132231404958678
одна категория −x,0.05,v2_topk,0,3.8567493112947657
одна категория −x,0.05,v2_topk,1,4.683195592286501
одна категория −x,0.05,v2_topk,2,5.785123966942149
одна категория −x,0.05,v2_mahal,0,7.43801652892562
одна категория −x,0.05,v2_mahal,1,8.264462809917356
одна категория −x,0.05,v2_mahal,2,9.090909090909092
одна категория −x,0.05,v2_iforest,0,3.0303030303030303
одна категория −x,0.05,v2_iforest,1,3.8567493112947657
одна категория −x,0.05,v2_iforest,2,4.683195592286501
одна категория −x,0.05,v2_combo,0,6.887052341597796
одна категория −x,0.05,v2_combo,1,7.7134986225895315
одна категория −x,0.05,v2_combo,2,8.264462809917356
одна категория −x,0.1,jump,0,1.6483516483516485
одна категория −x,0.1,jump,1,1.9230769230769231
одна категория −x,0.1,jump,2,2.7472527472527473
одна категория −x,0.1,peer,0,19.505494505494507
одна категория −x,0.1,peer,1,20.054945054945055
одна категория −x,0.1,peer,2,20.32967032967033
одна категория −x,0.1,level,0,10.43956043956044
одна категория −x,0.1,level,1,11.813186813186812
одна категория −x,0.1,level,2,12.637362637362637
одна категория −x,0.1,cusum,0,1.6483516483516485
одна категория −x,0.1,cusum,1,5.21978021978022
одна категория −x,0.1,cusum,2,11.538461538461538
одна категория −x,0.1,resid,0,15.934065934065933
одна категория −x,0.1,resid,1,16.758241758241756
одна категория −x,0.1,resid,2,17.307692307692307
одна категория −x,0.1,v2_topk,0,23.076923076923077
одна категория −x,0.1,v2_topk,1,24.175824175824175
одна категория −x,0.1,v2_topk,2,24.45054945054945
одна категория −x,0.1,v2_mahal,0,29.395604395604398
одна категория −x,0.1,v2_mahal,1,30.76923076923077
одна категория −x,0.1,v2_mahal,2,31.043956043956044
одна категория −x,0.1,v2_iforest,0,16.483516483516482
одна категория −x,0.1,v2_iforest,1,17.307692307692307
одна категория −x,0.1,v2_iforest,2,17.307692307692307
одна категория −x,0.1,v2_combo,0,28.846153846153843
одна категория −x,0.1,v2_combo,1,29.945054945054945
одна категория −x,0.1,v2_combo,2,30.21978021978022
одна категория −x,0.2,jump,0,2.191780821917808
одна категория −x,0.2,jump,1,2.191780821917808
одна категория −x,0.2,jump,2,2.4657534246575343
одна категория −x,0.2,peer,0,52.602739726027394
одна категория −x,0.2,peer,1,52.87671232876713
одна категория −x,0.2,peer,2,53.15068493150685
одна категория −x,0.2,level,0,41.64383561643836
одна категория −x,0.2,level,1,42.465753424657535
одна категория −x,0.2,level,2,42.465753424657535
одна категория −x,0.2,cusum,0,1.095890410958904
одна категория −x,0.2,cusum,1,28.767123287671232
одна категория −x,0.2,cusum,2,40.54794520547945
одна категория −x,0.2,resid,0,52.87671232876713
одна категория −x,0.2,resid,1,53.97260273972603
одна категория −x,0.2,resid,2,53.97260273972603
одна категория −x,0.2,v2_topk,0,58.35616438356165
одна категория −x,0.2,v2_topk,1,59.45205479452055
одна категория −x,0.2,v2_topk,2,59.45205479452055
одна категория −x,0.2,v2_mahal,0,60.82191780821918
одна категория −x,0.2,v2_mahal,1,61.917808219178085
одна категория −x,0.2,v2_mahal,2,62.19178082191781
одна категория −x,0.2,v2_iforest,0,50.136986301369866
одна категория −x,0.2,v2_iforest,1,50.41095890410959
одна категория −x,0.2,v2_iforest,2,50.41095890410959
одна категория −x,0.2,v2_combo,0,60.82191780821918
одна категория −x,0.2,v2_combo,1,61.917808219178085
одна категория −x,0.2,v2_combo,2,61.917808219178085
одна категория −x,0.3,jump,0,1.9498607242339834
одна категория −x,0.3,jump,1,2.785515320334262
одна категория −x,0.3,jump,2,3.064066852367688
одна категория −x,0.3,peer,0,70.47353760445682
одна категория −x,0.3,peer,1,71.03064066852369
одна категория −x,0.3,peer,2,71.3091922005571
одна категория −x,0.3,level,0,60.44568245125348
одна категория −x,0.3,level,1,61.00278551532033
одна категория −x,0.3,level,2,62.116991643454035
одна категория −x,0.3,cusum,0,1.1142061281337048
одна категория −x,0.3,cusum,1,45.12534818941504
одна категория −x,0.3,cusum,2,57.10306406685237
одна категория −x,0.3,resid,0,71.86629526462396
одна категория −x,0.3,resid,1,72.70194986072424
одна категория −x,0.3,resid,2,73.53760445682451
одна категория −x,0.3,v2_topk,0,75.20891364902506
одна категория −x,0.3,v2_topk,1,76.04456824512535
одна категория −x,0.3,v2_topk,2,76.6016713091922
одна категория −x,0.3,v2_mahal,0,76.04456824512535
одна категория −x,0.3,v2_mahal,1,76.6016713091922
одна категория −x,0.3,v2_mahal,2,77.15877437325905
одна категория −x,0.3,v2_iforest,0,70.19498607242339
одна категория −x,0.3,v2_iforest,1,71.58774373259052
одна категория −x,0.3,v2_iforest,2,71.86629526462396
одна категория −x,0.3,v2_combo,0,76.04456824512535
одна категория −x,0.3,v2_combo,1,76.32311977715878
одна категория −x,0.3,v2_combo,2,76.88022284122563
"ЧС: продукты +x/2, маркетплейсы, общепит −x, всего −x/3",0.05,jump,0,0.5571030640668524
"ЧС: продукты +x/2, маркетплейсы, общепит −x, всего −x/3",0.05,jump,1,0.8356545961002786
"ЧС: продукты +x/2, маркетплейсы, общепит −x, всего −x/3",0.05,jump,2,1.1142061281337048
"ЧС: продукты +x/2, маркетплейсы, общепит −x, всего −x/3",0.05,peer,0,3.8997214484679668
"ЧС: продукты +x/2, маркетплейсы, общепит −x, всего −x/3",0.05,peer,1,4.735376044568245
"ЧС: продукты +x/2, маркетплейсы, общепит −x, всего −x/3",0.05,peer,2,5.013927576601671
"ЧС: продукты +x/2, маркетплейсы, общепит −x, всего −x/3",0.05,level,0,1.1142061281337048
"ЧС: продукты +x/2, маркетплейсы, общепит −x, всего −x/3",0.05,level,1,1.392757660167131
"ЧС: продукты +x/2, маркетплейсы, общепит −x, всего −x/3",0.05,level,2,1.392757660167131
"ЧС: продукты +x/2, маркетплейсы, общепит −x, всего −x/3",0.05,cusum,0,0.8356545961002786
"ЧС: продукты +x/2, маркетплейсы, общепит −x, всего −x/3",0.05,cusum,1,1.6713091922005572
"ЧС: продукты +x/2, маркетплейсы, общепит −x, всего −x/3",0.05,cusum,2,2.2284122562674096
"ЧС: продукты +x/2, маркетплейсы, общепит −x, всего −x/3",0.05,resid,0,2.2284122562674096
"ЧС: продукты +x/2, маркетплейсы, общепит −x, всего −x/3",0.05,resid,1,3.6211699164345403
"ЧС: продукты +x/2, маркетплейсы, общепит −x, всего −x/3",0.05,resid,2,3.8997214484679668
"ЧС: продукты +x/2, маркетплейсы, общепит −x, всего −x/3",0.05,v2_topk,0,4.735376044568245
"ЧС: продукты +x/2, маркетплейсы, общепит −x, всего −x/3",0.05,v2_topk,1,5.8495821727019495
"ЧС: продукты +x/2, маркетплейсы, общепит −x, всего −x/3",0.05,v2_topk,2,6.685236768802229
"ЧС: продукты +x/2, маркетплейсы, общепит −x, всего −x/3",0.05,v2_mahal,0,8.913649025069638
"ЧС: продукты +x/2, маркетплейсы, общепит −x, всего −x/3",0.05,v2_mahal,1,9.192200557103064
"ЧС: продукты +x/2, маркетплейсы, общепит −x, всего −x/3",0.05,v2_mahal,2,9.47075208913649
"ЧС: продукты +x/2, маркетплейсы, общепит −x, всего −x/3",0.05,v2_iforest,0,9.47075208913649
"ЧС: продукты +x/2, маркетплейсы, общепит −x, всего −x/3",0.05,v2_iforest,1,10.584958217270195
"ЧС: продукты +x/2, маркетплейсы, общепит −x, всего −x/3",0.05,v2_iforest,2,10.86350974930362
"ЧС: продукты +x/2, маркетплейсы, общепит −x, всего −x/3",0.05,v2_combo,0,6.685236768802229
"ЧС: продукты +x/2, маркетплейсы, общепит −x, всего −x/3",0.05,v2_combo,1,7.520891364902507
"ЧС: продукты +x/2, маркетплейсы, общепит −x, всего −x/3",0.05,v2_combo,2,8.07799442896936
"ЧС: продукты +x/2, маркетплейсы, общепит −x, всего −x/3",0.1,jump,0,1.9553072625698324
"ЧС: продукты +x/2, маркетплейсы, общепит −x, всего −x/3",0.1,jump,1,2.5139664804469275
"ЧС: продукты +x/2, маркетплейсы, общепит −x, всего −x/3",0.1,jump,2,2.5139664804469275
"ЧС: продукты +x/2, маркетплейсы, общепит −x, всего −x/3",0.1,peer,0,24.581005586592177
"ЧС: продукты +x/2, маркетплейсы, общепит −x, всего −x/3",0.1,peer,1,24.860335195530723
"ЧС: продукты +x/2, маркетплейсы, общепит −x, всего −x/3",0.1,peer,2,25.977653631284912
"ЧС: продукты +x/2, маркетплейсы, общепит −x, всего −x/3",0.1,level,0,14.52513966480447
"ЧС: продукты +x/2, маркетплейсы, общепит −x, всего −x/3",0.1,level,1,15.921787709497206
"ЧС: продукты +x/2, маркетплейсы, общепит −x, всего −x/3",0.1,level,2,17.039106145251395
"ЧС: продукты +x/2, маркетплейсы, общепит −x, всего −x/3",0.1,cusum,0,1.1173184357541899
"ЧС: продукты +x/2, маркетплейсы, общепит −x, всего −x/3",0.1,cusum,1,6.145251396648044
"ЧС: продукты +x/2, маркетплейсы, общепит −x, всего −x/3",0.1,cusum,2,15.083798882681565
"ЧС: продукты +x/2, маркетплейсы, общепит −x, всего −x/3",0.1,resid,0,22.62569832402235
"ЧС: продукты +x/2, маркетплейсы, общепит −x, всего −x/3",0.1,resid,1,23.743016759776538
"ЧС: продукты +x/2, маркетплейсы, общепит −x, всего −x/3",0.1,resid,2,25.139664804469277
"ЧС: продукты +x/2, маркетплейсы, общепит −x, всего −x/3",0.1,v2_topk,0,28.77094972067039
"ЧС: продукты +x/2, маркетплейсы, общепит −x, всего −x/3",0.1,v2_topk,1,29.608938547486037
"ЧС: продукты +x/2, маркетплейсы, общепит −x, всего −x/3",0.1,v2_topk,2,31.28491620111732
"ЧС: продукты +x/2, маркетплейсы, общепит −x, всего −x/3",0.1,v2_mahal,0,39.10614525139665
"ЧС: продукты +x/2, маркетплейсы, общепит −x, всего −x/3",0.1,v2_mahal,1,40.78212290502793
"ЧС: продукты +x/2, маркетплейсы, общепит −x, всего −x/3",0.1,v2_mahal,2,41.899441340782126
"ЧС: продукты +x/2, маркетплейсы, общепит −x, всего −x/3",0.1,v2_iforest,0,28.212290502793298
"ЧС: продукты +x/2, маркетплейсы, общепит −x, всего −x/3",0.1,v2_iforest,1,28.77094972067039
"ЧС: продукты +x/2, маркетплейсы, общепит −x, всего −x/3",0.1,v2_iforest,2,29.88826815642458
"ЧС: продукты +x/2, маркетплейсы, общепит −x, всего −x/3",0.1,v2_combo,0,35.47486033519553
"ЧС: продукты +x/2, маркетплейсы, общепит −x, всего −x/3",0.1,v2_combo,1,36.312849162011176
"ЧС: продукты +x/2, маркетплейсы, общепит −x, всего −x/3",0.1,v2_combo,2,37.709497206703915
"ЧС: продукты +x/2, маркетплейсы, общепит −x, всего −x/3",0.2,jump,0,29.395604395604398
"ЧС: продукты +x/2, маркетплейсы, общепит −x, всего −x/3",0.2,jump,1,29.395604395604398
"ЧС: продукты +x/2, маркетплейсы, общепит −x, всего −x/3",0.2,jump,2,29.395604395604398
"ЧС: продукты +x/2, маркетплейсы, общепит −x, всего −x/3",0.2,peer,0,71.42857142857143
"ЧС: продукты +x/2, маркетплейсы, общепит −x, всего −x/3",0.2,peer,1,71.7032967032967
"ЧС: продукты +x/2, маркетплейсы, общепит −x, всего −x/3",0.2,peer,2,71.97802197802197
"ЧС: продукты +x/2, маркетплейсы, общепит −x, всего −x/3",0.2,level,0,50.27472527472527
"ЧС: продукты +x/2, маркетплейсы, общепит −x, всего −x/3",0.2,level,1,53.84615384615385
"ЧС: продукты +x/2, маркетплейсы, общепит −x, всего −x/3",0.2,level,2,55.494505494505496
"ЧС: продукты +x/2, маркетплейсы, общепит −x, всего −x/3",0.2,cusum,0,15.10989010989011
"ЧС: продукты +x/2, маркетплейсы, общепит −x, всего −x/3",0.2,cusum,1,31.868131868131865
"ЧС: продукты +x/2, маркетплейсы, общепит −x, всего −x/3",0.2,cusum,2,51.098901098901095
"ЧС: продукты +x/2, маркетплейсы, общепит −x, всего −x/3",0.2,resid,0,74.17582417582418
"ЧС: продукты +x/2, маркетплейсы, общепит −x, всего −x/3",0.2,resid,1,74.17582417582418
"ЧС: продукты +x/2, маркетплейсы, общепит −x, всего −x/3",0.2,resid,2,74.45054945054946
"ЧС: продукты +x/2, маркетплейсы, общепит −x, всего −x/3",0.2,v2_topk,0,83.24175824175825
"ЧС: продукты +x/2, маркетплейсы, общепит −x, всего −x/3",0.2,v2_topk,1,83.51648351648352
"ЧС: продукты +x/2, маркетплейсы, общепит −x, всего −x/3",0.2,v2_topk,2,83.79120879120879
"ЧС: продукты +x/2, маркетплейсы, общепит −x, всего −x/3",0.2,v2_mahal,0,92.3076923076923
"ЧС: продукты +x/2, маркетплейсы, общепит −x, всего −x/3",0.2,v2_mahal,1,92.58241758241759
"ЧС: продукты +x/2, маркетплейсы, общепит −x, всего −x/3",0.2,v2_mahal,2,92.58241758241759
"ЧС: продукты +x/2, маркетплейсы, общепит −x, всего −x/3",0.2,v2_iforest,0,80.4945054945055
"ЧС: продукты +x/2, маркетплейсы, общепит −x, всего −x/3",0.2,v2_iforest,1,81.04395604395604
"ЧС: продукты +x/2, маркетплейсы, общепит −x, всего −x/3",0.2,v2_iforest,2,81.04395604395604
"ЧС: продукты +x/2, маркетплейсы, общепит −x, всего −x/3",0.2,v2_combo,0,89.28571428571429
"ЧС: продукты +x/2, маркетплейсы, общепит −x, всего −x/3",0.2,v2_combo,1,89.28571428571429
"ЧС: продукты +x/2, маркетплейсы, общепит −x, всего −x/3",0.2,v2_combo,2,89.56043956043956
"ЧС: продукты +x/2, маркетплейсы, общепит −x, всего −x/3",0.3,jump,0,59.888579387186624
"ЧС: продукты +x/2, маркетплейсы, общепит −x, всего −x/3",0.3,jump,1,59.888579387186624
"ЧС: продукты +x/2, маркетплейсы, общепит −x, всего −x/3",0.3,jump,2,59.888579387186624
"ЧС: продукты +x/2, маркетплейсы, общепит −x, всего −x/3",0.3,peer,0,92.20055710306406
"ЧС: продукты +x/2, маркетплейсы, общепит −x, всего −x/3",0.3,peer,1,92.20055710306406
"ЧС: продукты +x/2, маркетплейсы, общепит −x, всего −x/3",0.3,peer,2,92.20055710306406
"ЧС: продукты +x/2, маркетплейсы, общепит −x, всего −x/3",0.3,level,0,82.45125348189416
"ЧС: продукты +x/2, маркетплейсы, общепит −x, всего −x/3",0.3,level,1,83.56545961002786
"ЧС: продукты +x/2, маркетплейсы, общепит −x, всего −x/3",0.3,level,2,83.56545961002786
"ЧС: продукты +x/2, маркетплейсы, общепит −x, всего −x/3",0.3,cusum,0,26.740947075208915
"ЧС: продукты +x/2, маркетплейсы, общепит −x, всего −x/3",0.3,cusum,1,63.231197771587745
"ЧС: продукты +x/2, маркетплейсы, общепит −x, всего −x/3",0.3,cusum,2,81.05849582172702
"ЧС: продукты +x/2, маркетплейсы, общепит −x, всего −x/3",0.3,resid,0,92.75766016713092
"ЧС: продукты +x/2, маркетплейсы, общепит −x, всего −x/3",0.3,resid,1,92.75766016713092
"ЧС: продукты +x/2, маркетплейсы, общепит −x, всего −x/3",0.3,resid,2,92.75766016713092
"ЧС: продукты +x/2, маркетплейсы, общепит −x, всего −x/3",0.3,v2_topk,0,94.15041782729804
"ЧС: продукты +x/2, маркетплейсы, общепит −x, всего −x/3",0.3,v2_topk,1,94.15041782729804
"ЧС: продукты +x/2, маркетплейсы, общепит −x, всего −x/3",0.3,v2_topk,2,94.15041782729804
"ЧС: продукты +x/2, маркетплейсы, общепит −x, всего −x/3",0.3,v2_mahal,0,97.49303621169916
"ЧС: продукты +x/2, маркетплейсы, общепит −x, всего −x/3",0.3,v2_mahal,1,97.49303621169916
"ЧС: продукты +x/2, маркетплейсы, общепит −x, всего −x/3",0.3,v2_mahal,2,97.49303621169916
"ЧС: продукты +x/2, маркетплейсы, общепит −x, всего −x/3",0.3,v2_iforest,0,94.42896935933148
"ЧС: продукты +x/2, маркетплейсы, общепит −x, всего −x/3",0.3,v2_iforest,1,94.42896935933148
"ЧС: продукты +x/2, маркетплейсы, общепит −x, всего −x/3",0.3,v2_iforest,2,94.70752089136491
"ЧС: продукты +x/2, маркетплейсы, общепит −x, всего −x/3",0.3,v2_combo,0,96.93593314763231
"ЧС: продукты +x/2, маркетплейсы, общепит −x, всего −x/3",0.3,v2_combo,1,96.93593314763231
"ЧС: продукты +x/2, маркетплейсы, общепит −x, всего −x/3",0.3,v2_combo,2,96.93593314763231
